subject,itemID,order,condition,word,JP,rating,RaterA,RaterB,Agreement,Final
1,1,54,1,thick fog,,4,0,0,TRUE,0
1,2,58,1,stupid idea,愚かな考え,2,1,1,TRUE,1
1,3,53,1,thin lips ,薄い唇,2,1,1,TRUE,1
1,4,36,1,deep love,深い愛,1,1,1,TRUE,1
1,5,52,1,small room,小さい部屋,2,1,1,TRUE,1
1,6,1,1,long sleep,長い眠り,1,1,1,TRUE,1
1,7,44,1,cold tea,冷たいお茶,1,1,1,TRUE,1
1,8,11,1,broken window,壊れた窓,1,1,1,TRUE,1
1,9,49,1,final year,最後の年,2,1,1,TRUE,1
1,10,64,1,front tire,,4,0,0,TRUE,0
1,11,51,1,famous person,有名人,1,1,1,TRUE,1
1,12,27,1,good news,良い知らせ,1,1,1,TRUE,1
1,13,63,1,economic growth,経済成長,1,1,1,TRUE,1
1,14,14,1,black hole,ブラックホール,1,1,1,TRUE,1
1,15,60,1,near future,近未来,2,1,1,TRUE,1
1,16,38,1,tragic deaths,,4,0,0,TRUE,0
1,17,25,1,beautiful woman,美しい女性,1,1,1,TRUE,1
1,18,65,1,handsome man,ハンサムな男性,2,1,1,TRUE,1
1,19,45,1,bitter experience,苦い経験,2,1,1,TRUE,1
1,20,24,1,big eyes,大きい目,1,1,1,TRUE,1
1,21,8,1,high price,高値,1,1,1,TRUE,1
1,22,17,1,strong wind,強い風,2,1,1,TRUE,1
1,23,10,1,clean water,きれいな水,1,1,1,TRUE,1
1,24,37,2,bad debt,悪い疑念,2,0,0,TRUE,0
1,25,4,2,bare feet,クマの足,2,0,0,TRUE,0
1,26,18,2,brief moment,短期間,2,1,0,FALSE,0
1,27,68,2,broad daylight,,4,0,0,TRUE,0
1,28,46,2,busy road,,4,0,0,TRUE,0
1,29,34,2,careful attention,注意深い警戒,4,1,0,FALSE,1
1,30,7,2,coming months,来た月,1,0,0,TRUE,0
1,31,30,2,early bird,早い鳥,3,0,0,TRUE,0
1,32,29,2,easy decision,簡単な決断,2,1,1,TRUE,1
1,33,19,2,false teeth,,4,0,0,TRUE,0
1,34,33,2,flat rate,,4,0,0,TRUE,0
1,35,39,2,free speech,自由な話,2,0,0,TRUE,0
1,36,31,2,full understanding,完全な理解,3,1,1,TRUE,1
1,37,22,2,hard luck,不運,1,1,1,TRUE,1
1,38,67,2,low speed,低速度,2,1,1,TRUE,1
1,39,56,2,lucky guess,楽観的な推測,3,0,0,TRUE,0
1,40,50,2,open arms,公開された兵器,4,0,0,TRUE,0
1,41,20,2,poor health,健康不良,3,1,1,TRUE,1
1,42,32,2,proud parents,誇らしい両親,3,1,1,TRUE,1
1,43,6,2,quick look,素早く見る,2,1,1,TRUE,1
1,44,26,2,sharp rise,,4,0,0,TRUE,0
1,45,55,2,short notice,,4,0,0,TRUE,0
1,46,42,2,slow learner,遅い学習者,4,0,1,FALSE,0
1,47,21,3,active personality,積極的人格,3,,,,
1,48,62,3,cheap pay,安い買取,4,,,,
1,49,59,3,dark society,闇社会,2,,,,
1,50,61,3,delicious season,稼ぎ時,4,,,,
1,51,3,3,far eye,遠い目,1,,,,
1,52,23,3,frank question,気さくな質問,2,,,,
1,53,9,3,hot battle,熱戦,1,,,,
1,54,28,3,light content,,4,,,,
1,55,40,3,narrow thought,狭い考え方,2,,,,
1,56,69,3,pretty animal,かわいい生き物,2,,,,
1,57,15,3,quiet war,沈黙の戦争,4,,,,
1,58,47,3,severe home,,4,,,,
1,59,16,3,shallow injury,浅い傷,2,,,,
1,60,12,3,silent force,静かな力,2,,,,
1,61,35,3,slim branch,細い枝,3,,,,
1,62,66,3,soft atmosphere,柔らかい雰囲気,2,,,,
1,63,48,3,straight heart,真っ直ぐな心,3,,,,
1,64,57,3,sweet judgment,甘い判断,3,,,,
1,65,41,3,tall danger,高い危険,4,,,,
1,66,5,3,warm gift,温かい贈り物,2,,,,
1,67,2,3,weak rain ,弱い雨,1,,,,
1,68,43,3,wide market,広い市場,2,,,,
1,69,13,3,yellow voice,黄色い音色,1,,,,
2,1,35,1,thick fog,濃い霧,1,1,1,TRUE,1
2,2,68,1,stupid idea,馬鹿げた考え,1,1,1,TRUE,1
2,3,51,1,thin lips ,薄い唇,1,1,1,TRUE,1
2,4,34,1,deep love,深い愛,1,1,1,TRUE,1
2,5,24,1,small room,小さい部屋,1,1,1,TRUE,1
2,6,15,1,long sleep,長い眠り,1,1,1,TRUE,1
2,7,37,1,cold tea,冷たいお茶,1,1,1,TRUE,1
2,8,31,1,broken window,壊れた窓,1,1,1,TRUE,1
2,9,55,1,final year,最後の年,1,1,1,TRUE,1
2,10,18,1,front tire,前方のタイヤ,1,1,1,TRUE,1
2,11,48,1,famous person,有名な人物,1,1,1,TRUE,1
2,12,7,1,good news,良い知らせ,1,1,1,TRUE,1
2,13,54,1,economic growth,経済発展,1,1,1,TRUE,1
2,14,58,1,black hole,ブラックホール,1,1,1,TRUE,1
2,15,11,1,near future,近い将来,1,1,1,TRUE,1
2,16,59,1,tragic deaths,悲劇的な死,1,1,1,TRUE,1
2,17,10,1,beautiful woman,きれいな女性,1,1,1,TRUE,1
2,18,65,1,handsome man,かっこいい男性,1,1,1,TRUE,1
2,19,26,1,bitter experience,苦い経験,1,1,1,TRUE,1
2,20,28,1,big eyes,大きな目,1,1,1,TRUE,1
2,21,52,1,high price,高い値段,1,1,1,TRUE,1
2,22,57,1,strong wind,強い風,1,1,1,TRUE,1
2,23,39,1,clean water,きれいな水,1,1,1,TRUE,1
2,24,62,2,bad debt,悪い借金,3,0,0,TRUE,0
2,25,12,2,bare feet,裸足,1,1,1,TRUE,1
2,26,69,2,brief moment,わずかな瞬間,1,1,1,TRUE,1
2,27,36,2,broad daylight,広範囲の日差し,3,0,0,TRUE,0
2,28,5,2,busy road,混雑した道,1,1,1,TRUE,1
2,29,1,2,careful attention,注意深さ,1,1,1,TRUE,1
2,30,25,2,coming months,来月,1,1,1,TRUE,1
2,31,21,2,early bird,早起き,1,0,1,FALSE,1
2,32,33,2,easy decision,簡単な決定,1,1,1,TRUE,1
2,33,38,2,false teeth,誤った歯,4,0,0,TRUE,0
2,34,17,2,flat rate,均一の割合,4,0,1,FALSE,0
2,35,13,2,free speech,自由な演説,2,0,0,TRUE,0
2,36,53,2,full understanding,十分な理解,1,1,1,TRUE,1
2,37,6,2,hard luck,困難な運,4,0,1,FALSE,1
2,38,30,2,low speed,ゆっくりの速さ,1,1,1,TRUE,1
2,39,22,2,lucky guess,運の良い推測,1,0,1,FALSE,0
2,40,3,2,open arms,開かれた腕,4,0,0,TRUE,0
2,41,4,2,poor health,乏しい健康,1,0,1,FALSE,0
2,42,46,2,proud parents,誇り高い両親,1,0,0,TRUE,0
2,43,19,2,quick look,速い見物,3,1,1,TRUE,1
2,44,60,2,sharp rise,鋭い上昇,4,1,1,TRUE,1
2,45,43,2,short notice,短いお知らせ,1,0,0,TRUE,0
2,46,32,2,slow learner,遅い学習者,4,0,1,FALSE,0
2,47,27,3,active personality,活発な個性,1,,,,
2,48,49,3,cheap pay,安い支払い,1,,,,
2,49,23,3,dark society,暗い社会,1,,,,
2,50,40,3,delicious season,美味しい季節,3,,,,
2,51,16,3,far eye,遠い目,3,,,,
2,52,64,3,frank question,忌憚ない質問,1,,,,
2,53,50,3,hot battle,熱い闘い,1,,,,
2,54,8,3,light content,軽い内容,3,,,,
2,55,56,3,narrow thought,視野の狭い考え,3,,,,
2,56,29,3,pretty animal,かわいい動物,1,,,,
2,57,61,3,quiet war,静かな戦争,3,,,,
2,58,63,3,severe home,厳しい家,4,,,,
2,59,44,3,shallow injury,深い傷,4,,,,
2,60,67,3,silent force,音のない力,4,,,,
2,61,45,3,slim branch,無駄のない支店,4,,,,
2,62,66,3,soft atmosphere,柔らかい雰囲気,1,,,,
2,63,47,3,straight heart,真っ直ぐな心,1,,,,
2,64,9,3,sweet judgment,甘い判断,3,,,,
2,65,42,3,tall danger,高い危険性,2,,,,
2,66,20,3,warm gift,温かい贈り物,2,,,,
2,67,41,3,weak rain ,弱い雨,1,,,,
2,68,14,3,wide market,幅広い市場,3,,,,
2,69,2,3,yellow voice,黄色い声援,3,,,,
3,1,23,1,thick fog,濃い霧,2,1,1,TRUE,1
3,2,10,1,stupid idea,愚直な案,3,1,1,TRUE,1
3,3,5,1,thin lips ,薄い唇,1,1,1,TRUE,1
3,4,64,1,deep love,深い愛,1,1,1,TRUE,1
3,5,35,1,small room,小さい部屋,1,1,1,TRUE,1
3,6,4,1,long sleep,長い睡眠,1,1,1,TRUE,1
3,7,25,1,cold tea,冷たいお茶,1,1,1,TRUE,1
3,8,12,1,broken window,壊れた窓,1,1,1,TRUE,1
3,9,24,1,final year,最後の年,1,1,1,TRUE,1
3,10,54,1,front tire,前輪,1,1,1,TRUE,1
3,11,18,1,famous person,有名人,1,1,1,TRUE,1
3,12,43,1,good news,良い知らせ,1,1,1,TRUE,1
3,13,36,1,economic growth,経済成長,1,1,1,TRUE,1
3,14,32,1,black hole,ブラックホール,1,1,1,TRUE,1
3,15,6,1,near future,近い将来,1,1,1,TRUE,1
3,16,27,1,tragic deaths,悲劇の死,1,1,1,TRUE,1
3,17,42,1,beautiful woman,美しいひと,1,1,1,TRUE,1
3,18,41,1,handsome man,かっこいいやつ,2,1,1,TRUE,1
3,19,16,1,bitter experience,苦い経験,1,1,1,TRUE,1
3,20,66,1,big eyes,大きい目,1,1,1,TRUE,1
3,21,29,1,high price,高価格,1,1,1,TRUE,1
3,22,60,1,strong wind,強風,1,1,1,TRUE,1
3,23,26,1,clean water,きれいな水,1,1,1,TRUE,1
3,24,1,2,bad debt,ひどい借金,3,0,1,FALSE,0
3,25,30,2,bare feet,裸足,2,1,1,TRUE,1
3,26,19,2,brief moment,少しの間,2,1,1,TRUE,1
3,27,51,2,broad daylight,日が長い,3,0,0,TRUE,0
3,28,33,2,busy road,混雑した道,2,1,1,TRUE,1
3,29,69,2,careful attention,注意深い,4,1,1,TRUE,1
3,30,68,2,coming months,来たる月,4,1,1,TRUE,1
3,31,31,2,early bird,時期尚早,4,0,0,TRUE,0
3,32,58,2,easy decision,簡単な決断,2,1,1,TRUE,1
3,33,49,2,false teeth,差し歯,3,1,1,TRUE,1
3,34,59,2,flat rate,パンクタイヤ,2,0,0,TRUE,0
3,35,14,2,free speech,自由作文,3,0,0,TRUE,0
3,36,28,2,full understanding,完全理解,3,1,1,TRUE,1
3,37,40,2,hard luck,,4,0,0,TRUE,0
3,38,61,2,low speed,低速,1,1,1,TRUE,1
3,39,55,2,lucky guess,勘が良い,4,0,1,FALSE,0
3,40,63,2,open arms,手を広げる,1,0,0,TRUE,0
3,41,44,2,poor health,健康状態が悪い,3,1,1,TRUE,1
3,42,62,2,proud parents,親バカ,4,1,0,FALSE,1
3,43,57,2,quick look,パッと見る,3,1,1,TRUE,1
3,44,65,2,sharp rise,鰻登り,4,1,1,TRUE,1
3,45,39,2,short notice,,4,0,0,TRUE,0
3,46,48,2,slow learner,スローラーナー,4,1,0,FALSE,1
3,47,38,3,active personality,積極的,3,,,,
3,48,7,3,cheap pay,安い給料,1,,,,
3,49,52,3,dark society,黒社会,3,,,,
3,50,56,3,delicious season,旬,4,,,,
3,51,47,3,far eye,目が離れている,4,,,,
3,52,37,3,frank question,フランクな質問,1,,,,
3,53,11,3,hot battle,温かいボトル,1,,,,
3,54,3,3,light content,軽い内容,2,,,,
3,55,22,3,narrow thought,狭い考え,4,,,,
3,56,45,3,pretty animal,かわいい動物,1,,,,
3,57,9,3,quiet war,冷戦,2,,,,
3,58,67,3,severe home,厳しい家庭,2,,,,
3,59,15,3,shallow injury,軽傷,3,,,,
3,60,2,3,silent force,静かな力,4,,,,
3,61,17,3,slim branch,細い枝,2,,,,
3,62,46,3,soft atmosphere,柔らかい空気感,4,,,,
3,63,53,3,straight heart,正直な心,2,,,,
3,64,13,3,sweet judgment,甘い判断,1,,,,
3,65,8,3,tall danger,高い危険,4,,,,
3,66,21,3,warm gift,暖かいギフト,2,,,,
3,67,34,3,weak rain ,小雨,3,,,,
3,68,20,3,wide market,広い市場,1,,,,
3,69,50,3,yellow voice,黄色い声援,1,,,,
4,1,37,1,thick fog,濃い霧,1,1,1,TRUE,1
4,2,53,1,stupid idea,愚かな考え,1,1,1,TRUE,1
4,3,12,1,thin lips ,薄い唇,1,1,1,TRUE,1
4,4,22,1,deep love,深い愛情,1,1,1,TRUE,1
4,5,21,1,small room,小さな部屋,1,1,1,TRUE,1
4,6,31,1,long sleep,長い睡眠,1,1,1,TRUE,1
4,7,30,1,cold tea,冷たい茶,1,1,1,TRUE,1
4,8,54,1,broken window,割れた窓,1,1,1,TRUE,1
4,9,40,1,final year,最後の年,1,1,1,TRUE,1
4,10,29,1,front tire,前輪,1,1,1,TRUE,1
4,11,15,1,famous person,有名な人,1,1,1,TRUE,1
4,12,5,1,good news,良い知らせ,1,1,1,TRUE,1
4,13,63,1,economic growth,経済成長,1,1,1,TRUE,1
4,14,38,1,black hole,ブラックホール,1,1,1,TRUE,1
4,15,19,1,near future,近い将来,1,1,1,TRUE,1
4,16,2,1,tragic deaths,悲しい死,2,1,1,TRUE,1
4,17,45,1,beautiful woman,綺麗な女性,1,1,1,TRUE,1
4,18,10,1,handsome man,かっこいい男性,1,1,1,TRUE,1
4,19,32,1,bitter experience,辛い経験,1,1,1,TRUE,1
4,20,1,1,big eyes,大きい目,1,1,1,TRUE,1
4,21,48,1,high price,高額,2,1,1,TRUE,1
4,22,69,1,strong wind,強い風,1,1,1,TRUE,1
4,23,65,1,clean water,綺麗な水,1,1,1,TRUE,1
4,24,13,2,bad debt,悪い借金,3,0,0,TRUE,0
4,25,59,2,bare feet,裸足,1,1,1,TRUE,1
4,26,51,2,brief moment,一瞬,3,1,1,TRUE,1
4,27,4,2,broad daylight,広い日差し,3,0,0,TRUE,0
4,28,68,2,busy road,混んだ道,1,1,1,TRUE,1
4,29,62,2,careful attention,注意,4,1,0,FALSE,0
4,30,47,2,coming months,来月,3,1,1,TRUE,1
4,31,66,2,early bird,生まれたての鳥,3,0,0,TRUE,0
4,32,25,2,easy decision,簡単な判断,1,1,1,TRUE,1
4,33,7,2,false teeth,虫歯,1,0,0,TRUE,0
4,34,46,2,flat rate,少しの割合,3,0,0,TRUE,0
4,35,42,2,free speech,自由演説,3,0,0,TRUE,0
4,36,18,2,full understanding,十分な理解,1,1,1,TRUE,1
4,37,60,2,hard luck,厳しい運命,1,0,1,FALSE,1
4,38,58,2,low speed,遅いスピード,2,1,1,TRUE,1
4,39,34,2,lucky guess,良い推測,3,0,0,TRUE,0
4,40,55,2,open arms,大きい腕,3,0,0,TRUE,0
4,41,44,2,poor health,不健康さ,3,1,1,TRUE,1
4,42,56,2,proud parents,誇りに思っている両親,3,1,1,TRUE,1
4,43,27,2,quick look,少し見ること,1,1,1,TRUE,1
4,44,39,2,sharp rise,急上昇,2,1,1,TRUE,1
4,45,23,2,short notice,ちょっとした気付き,1,0,0,TRUE,0
4,46,11,2,slow learner,理解の遅い学習者,2,1,1,TRUE,1
4,47,41,3,active personality,積極的な性格,2,,,,
4,48,61,3,cheap pay,,4,,,,
4,49,14,3,dark society,暗い社会,3,,,,
4,50,28,3,delicious season,丁度良い季節,2,,,,
4,51,17,3,far eye,遠い目,1,,,,
4,52,36,3,frank question,率直な質問,2,,,,
4,53,26,3,hot battle,熱い戦い,1,,,,
4,54,3,3,light content,軽い中身,2,,,,
4,55,33,3,narrow thought,視野の狭い考え,1,,,,
4,56,49,3,pretty animal,かわいい動物,1,,,,
4,57,64,3,quiet war,冷戦,2,,,,
4,58,57,3,severe home,厳しい家,3,,,,
4,59,8,3,shallow injury,浅い傷,1,,,,
4,60,50,3,silent force,わずかな力,1,,,,
4,61,35,3,slim branch,細い枝,2,,,,
4,62,67,3,soft atmosphere,穏やかな雰囲気,3,,,,
4,63,24,3,straight heart,真っ直ぐな心,1,,,,
4,64,16,3,sweet judgment,甘い判断,1,,,,
4,65,20,3,tall danger,高い危険性,1,,,,
4,66,6,3,warm gift,暖かいギフト,1,,,,
4,67,9,3,weak rain ,小雨,1,,,,
4,68,52,3,wide market,広い市場,1,,,,
4,69,43,3,yellow voice,歓喜の声,2,,,,
5,1,10,1,thick fog,,4,0,0,TRUE,0
5,2,53,1,stupid idea,馬鹿な考え,1,1,1,TRUE,1
5,3,60,1,thin lips ,薄い唇,2,1,1,TRUE,1
5,4,9,1,deep love,熱愛,2,0,1,FALSE,1
5,5,57,1,small room,小さい月,2,0,0,TRUE,0
5,6,52,1,long sleep,長時間睡眠,2,1,1,TRUE,1
5,7,6,1,cold tea,冷たいお茶,1,1,1,TRUE,1
5,8,27,1,broken window,壊された窓,1,1,1,TRUE,1
5,9,21,1,final year,最後の年,1,1,1,TRUE,1
5,10,30,1,front tire,前輪,1,1,1,TRUE,1
5,11,45,1,famous person,有名な人物,1,1,1,TRUE,1
5,12,31,1,good news,いい知らせ,1,1,1,TRUE,1
5,13,28,1,economic growth,経済成長,1,1,1,TRUE,1
5,14,12,1,black hole,ブラックホール,2,1,1,TRUE,1
5,15,18,1,near future,近い将来,2,1,1,TRUE,1
5,16,64,1,tragic deaths,,4,0,0,TRUE,0
5,17,40,1,beautiful woman,綺麗な女性,1,1,1,TRUE,1
5,18,15,1,handsome man,ハンサムな男性,1,1,1,TRUE,1
5,19,20,1,bitter experience,苦い思い出,3,1,1,TRUE,1
5,20,25,1,big eyes,大きな目,1,1,1,TRUE,1
5,21,24,1,high price,高価,2,1,1,TRUE,1
5,22,32,1,strong wind,強風,1,1,1,TRUE,1
5,23,41,1,clean water,綺麗な水,1,1,1,TRUE,1
5,24,56,2,bad debt,,4,0,0,TRUE,0
5,25,7,2,bare feet,裸足,1,1,1,TRUE,1
5,26,19,2,brief moment,,4,0,0,TRUE,0
5,27,47,2,broad daylight,,4,0,0,TRUE,0
5,28,35,2,busy road,交通量の多い道,1,1,1,TRUE,1
5,29,26,2,careful attention,,4,0,0,TRUE,0
5,30,13,2,coming months,来たる月,1,1,1,TRUE,1
5,31,22,2,early bird,若鳥,3,0,0,TRUE,0
5,32,54,2,easy decision,簡単な判断,2,1,1,TRUE,1
5,33,42,2,false teeth,入れ歯,3,1,1,TRUE,1
5,34,16,2,flat rate,一定の割合,3,0,1,FALSE,0
5,35,37,2,free speech,,4,0,0,TRUE,0
5,36,34,2,full understanding,完全な理解,2,1,1,TRUE,1
5,37,49,2,hard luck,,4,0,0,TRUE,0
5,38,59,2,low speed,ゆっくりな速度,2,1,1,TRUE,1
5,39,50,2,lucky guess,幸運な考え,3,0,0,TRUE,0
5,40,11,2,open arms,開かれた両腕,3,0,0,TRUE,0
5,41,38,2,poor health,,4,0,0,TRUE,0
5,42,1,2,proud parents,誇りのある両親,3,0,0,TRUE,0
5,43,43,2,quick look,素早い確認,2,1,1,TRUE,1
5,44,69,2,sharp rise,,4,0,0,TRUE,0
5,45,39,2,short notice,,4,0,0,TRUE,0
5,46,29,2,slow learner,学ぶ事が遅い人,3,1,1,TRUE,1
5,47,23,3,active personality,外向的な性格,1,,,,
5,48,63,3,cheap pay,簡単な支払い,3,,,,
5,49,55,3,dark society,闇の組織,4,,,,
5,50,66,3,delicious season,,4,,,,
5,51,14,3,far eye,遠い目,2,,,,
5,52,36,3,frank question,気軽な質問,2,,,,
5,53,2,3,hot battle,熱戦,2,,,,
5,54,68,3,light content,薄い内容,3,,,,
5,55,8,3,narrow thought,浅はかな考え,2,,,,
5,56,65,3,pretty animal,かわいい動物,1,,,,
5,57,33,3,quiet war,冷戦,3,,,,
5,58,17,3,severe home,厳しい家庭,3,,,,
5,59,51,3,shallow injury,軽傷,3,,,,
5,60,5,3,silent force,静かな圧力,3,,,,
5,61,48,3,slim branch,細い枝,3,,,,
5,62,61,3,soft atmosphere,優しい雰囲気,2,,,,
5,63,3,3,straight heart,正直な心,2,,,,
5,64,46,3,sweet judgment,甘い判断,2,,,,
5,65,4,3,tall danger,高い危険性,3,,,,
5,66,44,3,warm gift,心のこもった贈り物,3,,,,
5,67,67,3,weak rain ,,4,,,,
5,68,58,3,wide market,広い市場,3,,,,
5,69,62,3,yellow voice,黄色い歓声,4,,,,
6,1,54,1,thick fog,濃い霧,1,1,1,TRUE,1
6,2,3,1,stupid idea,馬鹿げた考え,1,1,1,TRUE,1
6,3,11,1,thin lips ,薄い唇,1,1,1,TRUE,1
6,4,21,1,deep love,深い愛,1,1,1,TRUE,1
6,5,43,1,small room,小さい部屋,1,1,1,TRUE,1
6,6,10,1,long sleep,長い睡眠,1,1,1,TRUE,1
6,7,38,1,cold tea,冷たいお茶,1,1,1,TRUE,1
6,8,33,1,broken window,割れた窓,1,1,1,TRUE,1
6,9,61,1,final year,最終年,1,1,1,TRUE,1
6,10,60,1,front tire,前輪,1,1,1,TRUE,1
6,11,15,1,famous person,有名人,1,1,1,TRUE,1
6,12,5,1,good news,良い知らせ,1,1,1,TRUE,1
6,13,28,1,economic growth,経済成長,1,1,1,TRUE,1
6,14,27,1,black hole,ブラックホール,1,1,1,TRUE,1
6,15,55,1,near future,近い将来,1,1,1,TRUE,1
6,16,45,1,tragic deaths,悲劇的な死,3,1,1,TRUE,1
6,17,42,1,beautiful woman,美しい女性,1,1,1,TRUE,1
6,18,39,1,handsome man,二枚目,2,1,1,TRUE,1
6,19,69,1,bitter experience,苦い経験,1,1,1,TRUE,1
6,20,44,1,big eyes,大きい目,1,1,1,TRUE,1
6,21,13,1,high price,高い値段,1,1,1,TRUE,1
6,22,32,1,strong wind,強風,1,1,1,TRUE,1
6,23,51,1,clean water,きれいな水,1,1,1,TRUE,1
6,24,37,2,bad debt,悪い賭け,2,0,0,TRUE,0
6,25,23,2,bare feet,,4,0,0,TRUE,0
6,26,12,2,brief moment,僅かな時間,2,1,1,TRUE,1
6,27,41,2,broad daylight,,4,0,0,TRUE,0
6,28,1,2,busy road,混雑した道,3,1,1,TRUE,1
6,29,8,2,careful attention,慎重な注意,4,1,1,TRUE,1
6,30,4,2,coming months,きたる月,2,1,1,TRUE,1
6,31,26,2,early bird,明烏,4,0,0,TRUE,0
6,32,35,2,easy decision,容易な決断,2,1,1,TRUE,1
6,33,62,2,false teeth,,4,0,0,TRUE,0
6,34,57,2,flat rate,平均,2,0,0,TRUE,0
6,35,58,2,free speech,自由陳述,4,0,0,TRUE,0
6,36,47,2,full understanding,全能,4,0,0,TRUE,0
6,37,2,2,hard luck,厳しい運,4,1,1,TRUE,1
6,38,63,2,low speed,遅い速度,1,1,1,TRUE,1
6,39,7,2,lucky guess,いい考え,4,0,0,TRUE,0
6,40,40,2,open arms,開いた腕,4,0,0,TRUE,0
6,41,48,2,poor health,不健康,3,1,1,TRUE,1
6,42,36,2,proud parents,誇れる両親,3,0,0,TRUE,0
6,43,22,2,quick look,ちらっと見る,2,1,1,TRUE,1
6,44,52,2,sharp rise,突然起こる,4,0,0,TRUE,0
6,45,18,2,short notice,ちらっと知らせる,4,0,0,TRUE,0
6,46,64,2,slow learner,ゆっくり学習する人,4,1,0,FALSE,1
6,47,56,3,active personality,活動的な性格,2,,,,
6,48,16,3,cheap pay,安月給,2,,,,
6,49,9,3,dark society,暗黒社会,3,,,,
6,50,17,3,delicious season,素晴らしい季節,4,,,,
6,51,50,3,far eye,遠い目,2,,,,
6,52,65,3,frank question,気軽な質問,2,,,,
6,53,68,3,hot battle,熱い戦争,3,,,,
6,54,29,3,light content,軽い内容,2,,,,
6,55,19,3,narrow thought,にくい考え,4,,,,
6,56,30,3,pretty animal,可愛い動物,1,,,,
6,57,14,3,quiet war,静かな戦い,3,,,,
6,58,25,3,severe home,厳しい家庭,4,,,,
6,59,66,3,shallow injury,,4,,,,
6,60,53,3,silent force,静かな圧力,4,,,,
6,61,49,3,slim branch,,4,,,,
6,62,46,3,soft atmosphere,柔らかい空気,3,,,,
6,63,67,3,straight heart,率直な気持ち,4,,,,
6,64,34,3,sweet judgment,甘い判断,2,,,,
6,65,24,3,tall danger,かなり危険,4,,,,
6,66,20,3,warm gift,温かい贈り物,2,,,,
6,67,59,3,weak rain ,弱い雨,1,,,,
6,68,31,3,wide market,広い市場,1,,,,
6,69,6,3,yellow voice,黄色い声,1,,,,
7,1,52,1,thick fog,濃い霧,1,1,1,TRUE,1
7,2,33,1,stupid idea,馬鹿げたアイデア,2,1,1,TRUE,1
7,3,21,1,thin lips ,薄い唇,1,1,1,TRUE,1
7,4,7,1,deep love,深い愛,1,1,1,TRUE,1
7,5,60,1,small room,小さい部屋,1,1,1,TRUE,1
7,6,36,1,long sleep,長い睡眠,1,1,1,TRUE,1
7,7,57,1,cold tea,冷たいお茶,1,1,1,TRUE,1
7,8,32,1,broken window,壊れた窓,1,1,1,TRUE,1
7,9,14,1,final year,最後の年,1,1,1,TRUE,1
7,10,15,1,front tire,前輪,1,1,1,TRUE,1
7,11,58,1,famous person,有名な人,1,1,1,TRUE,1
7,12,50,1,good news,良い知らせ,1,1,1,TRUE,1
7,13,1,1,economic growth,経済成長,1,1,1,TRUE,1
7,14,46,1,black hole,黒い穴,2,1,1,TRUE,1
7,15,51,1,near future,近い将来,1,1,1,TRUE,1
7,16,31,1,tragic deaths,悲劇的な死,2,1,1,TRUE,1
7,17,17,1,beautiful woman,美しい女性,1,1,1,TRUE,1
7,18,53,1,handsome man,かっこいい男性,1,1,1,TRUE,1
7,19,16,1,bitter experience,苦い経験,1,1,1,TRUE,1
7,20,56,1,big eyes,大きな目,1,1,1,TRUE,1
7,21,34,1,high price,高い値段,1,1,1,TRUE,1
7,22,65,1,strong wind,強い風,1,1,1,TRUE,1
7,23,28,1,clean water,きれいな水,1,1,1,TRUE,1
7,24,18,2,bad debt,大きな負債,3,0,1,FALSE,0
7,25,22,2,bare feet,大胆な一歩,4,0,0,TRUE,0
7,26,29,2,brief moment,ほんの一瞬,2,1,1,TRUE,1
7,27,43,2,broad daylight,広い陽の光,4,0,0,TRUE,0
7,28,30,2,busy road,交通量の多い道,2,1,1,TRUE,1
7,29,8,2,careful attention,深い注意,4,1,1,TRUE,1
7,30,5,2,coming months,来月,4,1,1,TRUE,1
7,31,38,2,early bird,早い鳥,4,0,0,TRUE,0
7,32,55,2,easy decision,簡単な判断,3,1,1,TRUE,1
7,33,12,2,false teeth,虫歯,3,0,0,TRUE,0
7,34,47,2,flat rate,一定の割合,3,0,1,FALSE,0
7,35,25,2,free speech,自由なスピーチ,3,0,0,TRUE,0
7,36,68,2,full understanding,完全な理解,2,1,1,TRUE,1
7,37,64,2,hard luck,強い運,4,0,0,TRUE,0
7,38,69,2,low speed,ゆっくりしたスピード,2,1,1,TRUE,1
7,39,54,2,lucky guess,運のいい推測,4,0,1,FALSE,0
7,40,59,2,open arms,歓迎,4,1,1,TRUE,1
7,41,48,2,poor health,不健康,3,1,1,TRUE,1
7,42,27,2,proud parents,誇れる両親,3,0,0,TRUE,0
7,43,24,2,quick look,一見,4,1,1,TRUE,1
7,44,45,2,sharp rise,急な上昇,2,1,1,TRUE,1
7,45,67,2,short notice,早い知らせ,4,0,0,TRUE,0
7,46,11,2,slow learner,学習の遅い人,3,1,1,TRUE,1
7,47,2,3,active personality,活動的な性格,2,,,,
7,48,42,3,cheap pay,安い費用,2,,,,
7,49,19,3,dark society,暗い社会,2,,,,
7,50,3,3,delicious season,素敵な季節,4,,,,
7,51,61,3,far eye,遠い目,2,,,,
7,52,23,3,frank question,率直な質問,1,,,,
7,53,41,3,hot battle,熱い戦い,1,,,,
7,54,4,3,light content,軽い内容,2,,,,
7,55,20,3,narrow thought,狭い思考,3,,,,
7,56,37,3,pretty animal,かわいい動物,1,,,,
7,57,63,3,quiet war,冷戦,2,,,,
7,58,39,3,severe home,真面目な家族,4,,,,
7,59,40,3,shallow injury,軽い傷,3,,,,
7,60,26,3,silent force,言葉のない強制力,4,,,,
7,61,6,3,slim branch,細い枝,2,,,,
7,62,10,3,soft atmosphere,優しい雰囲気,2,,,,
7,63,9,3,straight heart,正直な心,2,,,,
7,64,35,3,sweet judgment,優しい判決,3,,,,
7,65,49,3,tall danger,大きな危険,4,,,,
7,66,13,3,warm gift,心温まる贈り物,3,,,,
7,67,44,3,weak rain ,弱い雨,1,,,,
7,68,66,3,wide market,大きな市場,3,,,,
7,69,62,3,yellow voice,黄色い声,2,,,,
8,1,45,1,thick fog,薄い霧,1,0,0,TRUE,0
8,2,53,1,stupid idea,バカな考え,1,1,1,TRUE,1
8,3,29,1,thin lips ,薄い唇,1,1,1,TRUE,1
8,4,30,1,deep love,深い愛情,1,1,1,TRUE,1
8,5,67,1,small room,小さい部屋,1,1,1,TRUE,1
8,6,5,1,long sleep,長い時間寝る,1,1,1,TRUE,1
8,7,19,1,cold tea,冷たいお茶,1,1,1,TRUE,1
8,8,46,1,broken window,壊れた窓,1,1,1,TRUE,1
8,9,52,1,final year,最後の年,1,1,1,TRUE,1
8,10,7,1,front tire,フロントタイヤ,1,1,0,FALSE,1
8,11,69,1,famous person,有名人,1,1,1,TRUE,1
8,12,34,1,good news,良い知らせ,1,1,1,TRUE,1
8,13,24,1,economic growth,経済成長,1,1,1,TRUE,1
8,14,47,1,black hole,ブラックホール,1,1,1,TRUE,1
8,15,36,1,near future,近い将来,1,1,1,TRUE,1
8,16,12,1,tragic deaths,,4,0,0,TRUE,0
8,17,40,1,beautiful woman,美しい人,1,1,1,TRUE,1
8,18,15,1,handsome man,イケメン,1,1,1,TRUE,1
8,19,42,1,bitter experience,苦い経験,1,1,1,TRUE,1
8,20,14,1,big eyes,大きな目,1,1,1,TRUE,1
8,21,65,1,high price,高額,1,1,1,TRUE,1
8,22,51,1,strong wind,強風,1,1,1,TRUE,1
8,23,66,1,clean water,浄水,1,1,1,TRUE,1
8,24,59,1,bad debt,,4,0,0,TRUE,0
8,25,18,2,bare feet,素足,1,1,1,TRUE,1
8,26,2,2,brief moment,束の間,2,1,1,TRUE,1
8,27,6,2,broad daylight,日光を浴びる,4,0,0,TRUE,0
8,28,11,2,busy road,渋滞した道,1,1,1,TRUE,1
8,29,58,2,careful attention,注意深い,4,1,1,TRUE,1
8,30,55,2,coming months,来月,3,1,1,TRUE,1
8,31,43,2,early bird,にわとり,4,0,0,TRUE,0
8,32,10,2,easy decision,容易な決定,1,1,1,TRUE,1
8,33,57,2,false teeth,虫歯,4,0,0,TRUE,0
8,34,1,2,flat rate,変わらない比率,4,0,0,TRUE,0
8,35,60,2,free speech,フリースピーチ,2,0,0,TRUE,0
8,36,25,2,full understanding,理解が完璧,1,1,1,TRUE,1
8,37,22,2,hard luck,不足が多い,2,0,0,TRUE,0
8,38,23,2,low speed,ゆっくり,1,1,1,TRUE,1
8,39,28,2,lucky guess,幸せな考え,3,0,0,TRUE,0
8,40,63,2,open arms,腕を広げる,4,0,0,TRUE,0
8,41,44,2,poor health,貧弱,3,0,0,TRUE,0
8,42,31,2,proud parents,尊敬する両親,2,0,0,TRUE,0
8,43,41,2,quick look,チラ見,1,1,1,TRUE,1
8,44,3,2,sharp rise,固いお米,4,0,0,TRUE,0
8,45,64,2,short notice,短い通知,2,0,0,TRUE,0
8,46,17,2,slow learner,ゆっくり学ぶ,2,1,0,FALSE,1
8,47,16,3,active personality,活発的な人,1,,,,
8,48,62,3,cheap pay,,4,,,,
8,49,68,3,dark society,闇社会,2,,,,
8,50,54,3,delicious season,食欲の秋,4,,,,
8,51,13,3,far eye,離れ目,3,,,,
8,52,21,3,frank question,気軽な質問,2,,,,
8,53,8,3,hot battle,熱い戦い,1,,,,
8,54,50,3,light content,簡単な内容,2,,,,
8,55,49,3,narrow thought,視野が狭い,2,,,,
8,56,27,3,pretty animal,かわいい動物,1,,,,
8,57,39,3,quiet war,静戦,4,,,,
8,58,33,3,severe home,厳しい家庭,2,,,,
8,59,9,3,shallow injury,傷が浅い,2,,,,
8,60,4,3,silent force,無言の圧力,2,,,,
8,61,37,3,slim branch,細い枝,2,,,,
8,62,35,3,soft atmosphere,優しい雰囲気,2,,,,
8,63,20,3,straight heart,真っ直ぐな気持ち,3,,,,
8,64,56,3,sweet judgment,,4,,,,
8,65,38,3,tall danger,,4,,,,
8,66,61,3,warm gift,あたたまる贈り物,3,,,,
8,67,32,3,weak rain ,弱い雨,1,,,,
8,68,48,3,wide market,広い市場,3,,,,
8,69,26,3,yellow voice,歓声,2,,,,
9,1,23,1,thick fog,分厚い霧,1,1,1,TRUE,1
9,2,17,1,stupid idea,愚かな考え,1,1,1,TRUE,1
9,3,39,1,thin lips ,薄い唇,4,1,1,TRUE,1
9,4,66,1,deep love,深い愛,1,1,1,TRUE,1
9,5,53,1,small room,小さい部屋,4,1,1,TRUE,1
9,6,6,1,long sleep,長時間睡眠,1,1,1,TRUE,1
9,7,26,1,cold tea,アイスティー,1,1,1,TRUE,1
9,8,56,1,broken window,,4,0,0,TRUE,0
9,9,41,1,final year,最後の年,4,1,1,TRUE,1
9,10,68,1,front tire,家,4,0,0,TRUE,0
9,11,52,1,famous person,有名な人,1,1,1,TRUE,1
9,12,20,1,good news,いい知らせ,1,1,1,TRUE,1
9,13,51,1,economic growth,経済テク成長,1,0,0,TRUE,0
9,14,43,1,black hole,ブラックホール,1,1,1,TRUE,1
9,15,63,1,near future,近い将来,2,1,1,TRUE,1
9,16,34,1,tragic deaths,,4,0,0,TRUE,0
9,17,9,1,beautiful woman,美しい人,1,1,1,TRUE,1
9,18,45,1,handsome man,イケメン男の人,1,1,1,TRUE,1
9,19,60,1,bitter experience,,4,0,0,TRUE,0
9,20,54,1,big eyes,大きな瞳,1,1,1,TRUE,1
9,21,64,1,high price,高野ぉ無,2,0,0,TRUE,0
9,22,58,1,strong wind,,2,0,0,TRUE,0
9,23,36,1,clean water,綺麗な水,1,1,1,TRUE,1
9,24,69,2,bad debt,多い酷使,1,0,0,TRUE,0
9,25,44,2,bare feet,裸足,1,1,1,TRUE,1
9,26,50,2,brief moment,ほんの一瞬,4,1,1,TRUE,1
9,27,4,2,broad daylight,広い黄昏,3,0,0,TRUE,0
9,28,14,2,busy road,混んでいる道,1,1,1,TRUE,1
9,29,61,2,careful attention,良い人部ばっかじゃなかた,3,0,0,TRUE,0
9,30,57,2,coming months,もうすぐくr8,1,0,0,TRUE,0
9,31,37,2,early bird,早い鳥,3,0,0,TRUE,0
9,32,47,2,easy decision,簡単な段,3,1,0,FALSE,0
9,33,24,2,false teeth,仮歯,1,1,1,TRUE,1
9,34,31,2,flat rate,平らな割合,2,0,0,TRUE,0
9,35,29,2,free speech,自由スピーチ,1,0,0,TRUE,0
9,36,48,2,full understanding,重運約してほしかったな,3,0,0,TRUE,0
9,37,33,2,hard luck,幸運,1,0,0,TRUE,0
9,38,40,2,low speed,低いスピード,3,1,1,TRUE,1
9,39,49,2,lucky guess,運のいい勘,3,0,1,FALSE,0
9,40,42,2,open arms,ほんとにゆうかか,3,0,0,TRUE,0
9,41,28,2,poor health,乏しい栄養,1,0,0,TRUE,0
9,42,55,2,proud parents,保クリッ,4,0,0,TRUE,0
9,43,2,2,quick look,素早い目視,3,1,1,TRUE,1
9,44,12,2,sharp rise,細い上昇,3,0,0,TRUE,0
9,45,8,2,short notice,少しの発見,3,0,0,TRUE,0
9,46,46,2,slow learner,マイペースに頑張る,3,0,0,TRUE,0
9,47,19,3,active personality,行動的な性格,1,,,,
9,48,38,3,cheap pay,安上がり,1,,,,
9,49,32,3,dark society,暗い社会,1,,,,
9,50,35,3,delicious season,美味しい季節,4,,,,
9,51,65,3,far eye,遠い目,3,,,,
9,52,16,3,frank question,軽めの質問,1,,,,
9,53,11,3,hot battle,熱い戦い,1,,,,
9,54,59,3,light content,,3,,,,
9,55,13,3,narrow thought,浅はかな考え,1,,,,
9,56,5,3,pretty animal,可愛い動物,1,,,,
9,57,62,3,quiet war,静かな戦争,3,,,,
9,58,27,3,severe home,空気感の悪い家,1,,,,
9,59,22,3,shallow injury,少しの怪我,2,,,,
9,60,10,3,silent force,少しの力,2,,,,
9,61,3,3,slim branch,細い枝,1,,,,
9,62,21,3,soft atmosphere,軟かい雰囲気,1,,,,
9,63,67,3,straight heart,真っ直ぐな心,2,,,,
9,64,18,3,sweet judgment,甘い審査,1,,,,
9,65,25,3,tall danger,大きな危険,4,,,,
9,66,15,3,warm gift,暖かい贈り物,1,,,,
9,67,7,3,weak rain ,小雨,1,,,,
9,68,30,3,wide market,広範囲の市場,3,,,,
9,69,1,3,yellow voice,黄色い声援,1,,,,
10,1,12,1,thick fog,濃い霧,1,1,1,TRUE,1
10,2,51,1,stupid idea,馬鹿馬鹿しい考え,1,1,1,TRUE,1
10,3,1,1,thin lips ,薄い唇,1,1,1,TRUE,1
10,4,35,1,deep love,深い愛,1,1,1,TRUE,1
10,5,66,1,small room,小さな部屋,1,1,1,TRUE,1
10,6,47,1,long sleep,長時間の睡眠,1,1,1,TRUE,1
10,7,55,1,cold tea,冷たいお茶,1,1,1,TRUE,1
10,8,29,1,broken window,壊れた窓,1,1,1,TRUE,1
10,9,36,1,final year,最終学年,1,1,1,TRUE,1
10,10,20,1,front tire,前輪,1,1,1,TRUE,1
10,11,53,1,famous person,著名人,1,1,1,TRUE,1
10,12,39,1,good news,朗報,1,1,1,TRUE,1
10,13,3,1,economic growth,経済成長,1,1,1,TRUE,1
10,14,63,1,black hole,ブラックホール,3,1,1,TRUE,1
10,15,62,1,near future,近い将来,1,1,1,TRUE,1
10,16,26,1,tragic deaths,悲劇的な死,1,1,1,TRUE,1
10,17,18,1,beautiful woman,美しい女性,1,1,1,TRUE,1
10,18,30,1,handsome man,かっこいい男性,1,1,1,TRUE,1
10,19,27,1,bitter experience,苦い経験,1,1,1,TRUE,1
10,20,13,1,big eyes,大きな目,1,1,1,TRUE,1
10,21,68,1,high price,高価格,1,1,1,TRUE,1
10,22,69,1,strong wind,強風,1,1,1,TRUE,1
10,23,40,1,clean water,清潔な水,1,1,1,TRUE,1
10,24,16,2,bad debt,最悪な借金,4,0,0,TRUE,0
10,25,14,2,bare feet,裸足,1,1,1,TRUE,1
10,26,57,2,brief moment,一瞬,1,1,1,TRUE,1
10,27,17,2,broad daylight,拡散する日光,4,0,0,TRUE,0
10,28,9,2,busy road,混雑している道,1,1,1,TRUE,1
10,29,8,2,careful attention,注意深い警告,4,1,0,FALSE,0
10,30,46,2,coming months,来たる数カ月間,1,0,1,FALSE,1
10,31,11,2,early bird,早起きな人,1,0,1,FALSE,1
10,32,24,2,easy decision,安易な決断,1,1,1,TRUE,1
10,33,49,2,false teeth,,4,0,0,TRUE,0
10,34,38,2,flat rate,平均率,4,0,0,TRUE,0
10,35,10,2,free speech,自由演説,2,0,0,TRUE,0
10,36,60,2,full understanding,完全な理解,1,1,1,TRUE,1
10,37,42,2,hard luck,運がない,4,1,1,TRUE,1
10,38,23,2,low speed,低速で,1,1,1,TRUE,1
10,39,7,2,lucky guess,能天気な考え,2,0,0,TRUE,0
10,40,44,2,open arms,来る者拒まず,4,0,1,FALSE,0
10,41,32,2,poor health,脆弱体質,1,0,0,TRUE,0
10,42,28,2,proud parents,尊敬できる両親,2,0,0,TRUE,0
10,43,31,2,quick look,目を通す,3,1,0,FALSE,1
10,44,45,2,sharp rise,急激な増加,1,1,1,TRUE,1
10,45,43,2,short notice,手短なお知らせ,1,0,0,TRUE,0
10,46,22,2,slow learner,勉強が苦手な人,4,1,1,TRUE,1
10,47,59,3,active personality,積極的な性格,1,,,,
10,48,58,3,cheap pay,安い対価,3,,,,
10,49,5,3,dark society,暗黒社会,3,,,,
10,50,54,3,delicious season,,4,,,,
10,51,6,3,far eye,公正な目,3,,,,
10,52,56,3,frank question,平易な質問,1,,,,
10,53,33,3,hot battle,白熱した試合,1,,,,
10,54,67,3,light content,軽い内容,1,,,,
10,55,64,3,narrow thought,浅い考え,1,,,,
10,56,25,3,pretty animal,可愛らしい動物,1,,,,
10,57,52,3,quiet war,冷戦,1,,,,
10,58,15,3,severe home,厳格な家庭,3,,,,
10,59,65,3,shallow injury,浅い怪我,1,,,,
10,60,61,3,silent force,無言の圧力,1,,,,
10,61,2,3,slim branch,細い枝,1,,,,
10,62,41,3,soft atmosphere,暖かい雰囲気,1,,,,
10,63,4,3,straight heart,正直,3,,,,
10,64,48,3,sweet judgment,甘い判断,1,,,,
10,65,37,3,tall danger,,4,,,,
10,66,34,3,warm gift,暖かい贈り物,1,,,,
10,67,21,3,weak rain ,小雨,1,,,,
10,68,19,3,wide market,大きな市場,1,,,,
10,69,50,3,yellow voice,黄色い歓声,1,,,,
11,1,27,1,thick fog,濃い霧,2,1,1,TRUE,1
11,2,67,1,stupid idea,バカな考え,1,1,1,TRUE,1
11,3,53,1,thin lips ,厚い唇,3,0,0,TRUE,0
11,4,17,1,deep love,深い愛,1,1,1,TRUE,1
11,5,34,1,small room,小さい部屋,1,1,1,TRUE,1
11,6,47,1,long sleep,長い睡眠,2,1,1,TRUE,1
11,7,69,1,cold tea,冷たいお茶,1,1,1,TRUE,1
11,8,61,1,broken window,壊れた窓,1,1,1,TRUE,1
11,9,1,1,final year,最後の年,1,1,1,TRUE,1
11,10,8,1,front tire,前にあるタイヤ,2,1,1,TRUE,1
11,11,63,1,famous person,有名人,1,1,1,TRUE,1
11,12,5,1,good news,良い知らせ,1,1,1,TRUE,1
11,13,64,1,economic growth,経済成長,1,1,1,TRUE,1
11,14,58,1,black hole,ブラックホール,1,1,1,TRUE,1
11,15,62,1,near future,近い将来,1,1,1,TRUE,1
11,16,48,1,tragic deaths,悲劇的な死,1,1,1,TRUE,1
11,17,51,1,beautiful woman,美しい女性,1,1,1,TRUE,1
11,18,26,1,handsome man,かっこいい男性,1,1,1,TRUE,1
11,19,19,1,bitter experience,苦い経験,1,1,1,TRUE,1
11,20,16,1,big eyes,大きな目,1,1,1,TRUE,1
11,21,24,1,high price,高い値段,1,1,1,TRUE,1
11,22,33,1,strong wind,強い風,2,1,1,TRUE,1
11,23,45,1,clean water,きれいな水,2,1,1,TRUE,1
11,24,65,2,bad debt,悪い賭け,2,0,0,TRUE,0
11,25,31,2,bare feet,痛めた足,2,0,0,TRUE,0
11,26,10,2,brief moment,一瞬,3,1,1,TRUE,1
11,27,28,2,broad daylight,広がる日光,4,0,0,TRUE,0
11,28,40,2,busy road,混んだ道,2,1,1,TRUE,1
11,29,32,2,careful attention,注意深い注意,1,1,0,FALSE,0
11,30,9,2,coming months,来月,3,1,1,TRUE,1
11,31,14,2,early bird,早い鳥,4,0,0,TRUE,0
11,32,23,2,easy decision,簡単な決断,1,1,1,TRUE,1
11,33,55,2,false teeth,虫歯,1,0,0,TRUE,0
11,34,49,2,flat rate,均一な割合,2,0,1,FALSE,0
11,35,15,2,free speech,自由なスピーチ,2,0,0,TRUE,0
11,36,30,2,full understanding,完璧な理解,1,1,1,TRUE,1
11,37,35,2,hard luck,不幸,1,1,1,TRUE,1
11,38,20,2,low speed,遅いスピード,1,1,1,TRUE,1
11,39,37,2,lucky guess,幸運な推測,2,0,1,FALSE,0
11,40,12,2,open arms,広げた腕,3,0,0,TRUE,0
11,41,54,2,poor health,不健康,2,1,1,TRUE,1
11,42,4,2,proud parents,誇らしい夫婦,2,0,1,FALSE,1
11,43,39,2,quick look,一見,3,1,1,TRUE,1
11,44,7,2,sharp rise,細い米,3,0,0,TRUE,0
11,45,6,2,short notice,短い告知,2,0,0,TRUE,0
11,46,56,2,slow learner,遅い学習者,2,1,1,TRUE,1
11,47,36,3,active personality,活動的な性格,1,,,,
11,48,60,3,cheap pay,安い支払い,1,,,,
11,49,68,3,dark society,暗い社会,1,,,,
11,50,42,3,delicious season,魅力的な季節,3,,,,
11,51,59,3,far eye,離れた目,1,,,,
11,52,18,3,frank question,フランクな質問,1,,,,
11,53,2,3,hot battle,熱い闘い,1,,,,
11,54,38,3,light content,明るい内容,2,,,,
11,55,52,3,narrow thought,狭い考え,2,,,,
11,56,50,3,pretty animal,可愛い動物,2,,,,
11,57,29,3,quiet war,静かな戦争,2,,,,
11,58,25,3,severe home,厳しい家庭,1,,,,
11,59,13,3,shallow injury,浅い傷,4,,,,
11,60,21,3,silent force,冷戦,2,,,,
11,61,41,3,slim branch,簡単なご飯,4,,,,
11,62,44,3,soft atmosphere,柔らかい雰囲気,1,,,,
11,63,66,3,straight heart,真っ直ぐな心,1,,,,
11,64,3,3,sweet judgment,甘い判断,2,,,,
11,65,46,3,tall danger,高い危険,1,,,,
11,66,22,3,warm gift,温かい贈り物,1,,,,
11,67,43,3,weak rain ,弱い雨,2,,,,
11,68,57,3,wide market,広い市場,1,,,,
11,69,11,3,yellow voice,黄色い声援,2,,,,
12,1,41,1,thick fog,厚い霧,2,1,1,TRUE,1
12,2,27,1,stupid idea,バカなアイデア,2,1,1,TRUE,1
12,3,34,1,thin lips ,薄い唇,3,1,1,TRUE,1
12,4,1,1,deep love,深い愛,1,1,1,TRUE,1
12,5,62,1,small room,小さい部屋,1,1,1,TRUE,1
12,6,19,1,long sleep,長い睡眠,2,1,1,TRUE,1
12,7,65,1,cold tea,冷たいお茶,1,1,1,TRUE,1
12,8,63,1,broken window,壊れた窓,1,1,1,TRUE,1
12,9,66,1,final year,最後の年,2,1,1,TRUE,1
12,10,2,1,front tire,フロントタイヤ,2,1,0,FALSE,1
12,11,52,1,famous person,有名人,1,1,1,TRUE,1
12,12,9,1,good news,良い知らせ,1,1,1,TRUE,1
12,13,12,1,economic growth,経済成長,2,1,1,TRUE,1
12,14,24,1,black hole,ブラックホール,1,1,1,TRUE,1
12,15,42,1,near future,近い未来に,2,1,1,TRUE,1
12,16,44,1,tragic deaths,凄惨な死,3,1,0,FALSE,1
12,17,17,1,beautiful woman,美しい女性,2,1,1,TRUE,1
12,18,7,1,handsome man,かっこいい男,1,1,1,TRUE,1
12,19,14,1,bitter experience,苦い経験,1,1,1,TRUE,1
12,20,47,1,big eyes,大きい目,2,1,1,TRUE,1
12,21,35,1,high price,高い値段,1,1,1,TRUE,1
12,22,4,1,strong wind,強い風,1,1,1,TRUE,1
12,23,11,1,clean water,きれいな水,1,1,1,TRUE,1
12,24,10,2,bad debt,悪い借金,3,0,0,TRUE,0
12,25,5,2,bare feet,裸,1,1,0,FALSE,0
12,26,6,2,brief moment,つかのま,1,1,1,TRUE,1
12,27,28,2,broad daylight,広い日光,4,0,0,TRUE,0
12,28,38,2,busy road,混んでる道,2,1,1,TRUE,1
12,29,46,2,careful attention,用心深い注意,2,1,0,FALSE,1
12,30,22,2,coming months,来ている月,3,0,1,FALSE,1
12,31,32,2,early bird,新参者,3,0,0,TRUE,0
12,32,49,2,easy decision,簡単な決断,3,1,1,TRUE,1
12,33,3,2,false teeth,間違った歯,3,0,0,TRUE,0
12,34,69,2,flat rate,,4,0,0,TRUE,0
12,35,58,2,free speech,発言の自由,2,1,1,TRUE,1
12,36,57,2,full understanding,完全な理解,2,1,1,TRUE,1
12,37,56,2,hard luck,固い幸運,4,0,0,TRUE,0
12,38,18,2,low speed,低い速度,3,1,1,TRUE,1
12,39,64,2,lucky guess,偶然,2,0,1,FALSE,0
12,40,48,2,open arms,,4,0,0,TRUE,0
12,41,60,2,poor health,不健康,2,1,1,TRUE,1
12,42,50,2,proud parents,誇れる両親,3,0,0,TRUE,0
12,43,31,2,quick look,チラ見,2,1,1,TRUE,1
12,44,8,2,sharp rise,急激な上昇,2,1,1,TRUE,1
12,45,23,2,short notice,急な知らせ,2,1,1,TRUE,1
12,46,53,2,slow learner,ゆっくりな学習者,3,0,0,TRUE,0
12,47,67,3,active personality,活発な性格,2,,,,
12,48,13,3,cheap pay,安い賃金,3,,,,
12,49,43,3,dark society,闇社会,3,,,,
12,50,26,3,delicious season,美味しい季節,3,,,,
12,51,59,3,far eye,遠い目,3,,,,
12,52,55,3,frank question,軽い質問,3,,,,
12,53,30,3,hot battle,熱い闘い,3,,,,
12,54,40,3,light content,軽い内容,3,,,,
12,55,21,3,narrow thought,狭い考え,2,,,,
12,56,39,3,pretty animal,かわいい動物,1,,,,
12,57,16,3,quiet war,静かな戦争,2,,,,
12,58,61,3,severe home,深刻な家庭,3,,,,
12,59,29,3,shallow injury,浅い傷,2,,,,
12,60,25,3,silent force,静かな力,3,,,,
12,61,54,3,slim branch,細い枝,3,,,,
12,62,51,3,soft atmosphere,柔らかい雰囲気,3,,,,
12,63,15,3,straight heart,真っ直ぐな心,3,,,,
12,64,20,3,sweet judgment,甘い判断,3,,,,
12,65,45,3,tall danger,高い危険,3,,,,
12,66,33,3,warm gift,温かい贈り物,3,,,,
12,67,37,3,weak rain ,弱い雨,2,,,,
12,68,68,3,wide market,広い市場,3,,,,
12,69,36,3,yellow voice,黄色い声援,3,,,,
13,1,63,1,thick fog,細いきつね,4,0,0,TRUE,0
13,2,57,1,stupid idea,バカな考え,1,1,1,TRUE,1
13,3,53,1,thin lips ,薄い唇,1,1,1,TRUE,1
13,4,15,1,deep love,深い愛,1,1,1,TRUE,1
13,5,6,1,small room,小さな部屋,1,1,1,TRUE,1
13,6,29,1,long sleep,長い眠り,1,1,1,TRUE,1
13,7,10,1,cold tea,冷たいお茶,1,1,1,TRUE,1
13,8,58,1,broken window,壊れた窓,1,1,1,TRUE,1
13,9,12,1,final year,最後の年,2,1,1,TRUE,1
13,10,8,1,front tire,前輪,3,1,1,TRUE,1
13,11,17,1,famous person,有名人,1,1,1,TRUE,1
13,12,21,1,good news,良いニュース,1,1,1,TRUE,1
13,13,36,1,economic growth,経済成長,1,1,1,TRUE,1
13,14,49,1,black hole,ブラックホール,1,1,1,TRUE,1
13,15,69,1,near future,近い将来,1,1,1,TRUE,1
13,16,22,1,tragic deaths,,4,0,0,TRUE,0
13,17,47,1,beautiful woman,美しい女性,1,1,1,TRUE,1
13,18,23,1,handsome man,ハンサムな男,1,1,1,TRUE,1
13,19,62,1,bitter experience,苦い経験,1,1,1,TRUE,1
13,20,18,1,big eyes,大きな目,1,1,1,TRUE,1
13,21,68,1,high price,高価格,1,1,1,TRUE,1
13,22,52,1,strong wind,強い心,1,0,0,TRUE,0
13,23,51,1,clean water,きれいな水,1,1,1,TRUE,1
13,24,45,2,bad debt,悪い借金,4,0,0,TRUE,0
13,25,20,2,bare feet,裸足,1,1,1,TRUE,1
13,26,37,2,brief moment,短い期間,1,1,0,FALSE,0
13,27,32,2,broad daylight,,4,0,0,TRUE,0
13,28,19,2,busy road,交通量が多い道,2,1,1,TRUE,1
13,29,39,2,careful attention,注意深い注意,4,1,0,FALSE,0
13,30,13,2,coming months,来たる月,2,1,1,TRUE,1
13,31,14,2,early bird,早い鳥,4,0,0,TRUE,0
13,32,54,2,easy decision,簡単な決定,1,1,1,TRUE,1
13,33,11,2,false teeth,間違ったは,4,0,0,TRUE,0
13,34,64,2,flat rate,平面的な割合,4,0,0,TRUE,0
13,35,4,2,free speech,自由なスピーチ,4,0,0,TRUE,0
13,36,66,2,full understanding,完全な理解,1,1,1,TRUE,1
13,37,42,2,hard luck,困難な幸せ,4,0,0,TRUE,0
13,38,67,2,low speed,遅いスピード,1,1,1,TRUE,1
13,39,41,2,lucky guess,幸運な,4,0,0,TRUE,0
13,40,31,2,open arms,開いたうで,4,0,0,TRUE,0
13,41,40,2,poor health,不健康,4,1,1,TRUE,1
13,42,26,2,proud parents,誇り高い親,4,0,0,TRUE,0
13,43,65,2,quick look,素早い見方,4,1,1,TRUE,1
13,44,43,2,sharp rise,目覚ましい成長,3,1,1,TRUE,1
13,45,16,2,short notice,短い気付き,4,0,0,TRUE,0
13,46,5,2,slow learner,遅い学習者,4,0,1,FALSE,0
13,47,60,3,active personality,活動的な性格,2,,,,
13,48,50,3,cheap pay,安い賃金,1,,,,
13,49,59,3,dark society,暗い社会,2,,,,
13,50,56,3,delicious season,おいしい季節,4,,,,
13,51,27,3,far eye,遠い目,4,,,,
13,52,34,3,frank question,フランクな質問,2,,,,
13,53,44,3,hot battle,熱いバトル,1,,,,
13,54,30,3,light content,軽い内容,2,,,,
13,55,55,3,narrow thought,狭い考え,2,,,,
13,56,28,3,pretty animal,かわいい動物,1,,,,
13,57,7,3,quiet war,静かな戦争,2,,,,
13,58,46,3,severe home,厳しい家庭,2,,,,
13,59,38,3,shallow injury,傷,4,,,,
13,60,3,3,silent force,静かな力,4,,,,
13,61,2,3,slim branch,細い枝,2,,,,
13,62,33,3,soft atmosphere,やわらかい雰囲気,1,,,,
13,63,48,3,straight heart,率直な心,2,,,,
13,64,25,3,sweet judgment,甘い判定,2,,,,
13,65,35,3,tall danger,高い危険,4,,,,
13,66,24,3,warm gift,温かい贈り物,1,,,,
13,67,1,3,weak rain ,弱い雨「,3,,,,
13,68,61,3,wide market,広い市,3,,,,
13,69,9,3,yellow voice,黄色い声,2,,,,
14,1,21,1,thick fog,厚い霧,2,1,1,TRUE,1
14,2,16,1,stupid idea,愚かな考え,2,1,1,TRUE,1
14,3,43,1,thin lips ,薄い唇,4,1,1,TRUE,1
14,4,18,1,deep love,深い愛,2,1,1,TRUE,1
14,5,56,1,small room,小さい部屋,2,1,1,TRUE,1
14,6,58,1,long sleep,十分な睡眠,3,0,0,TRUE,0
14,7,30,1,cold tea,冷たいお茶,3,1,1,TRUE,1
14,8,28,1,broken window,ガラスが割れた窓,2,1,1,TRUE,1
14,9,49,1,final year,最終年,3,1,1,TRUE,1
14,10,38,1,front tire,前輪のタイヤ,3,1,1,TRUE,1
14,11,41,1,famous person,有名人,2,1,1,TRUE,1
14,12,19,1,good news,良い知らせ,1,1,1,TRUE,1
14,13,33,1,economic growth,経済成長,1,1,1,TRUE,1
14,14,24,1,black hole,ブラックホール,2,1,1,TRUE,1
14,15,63,1,near future,喫緊の未来,3,1,0,FALSE,0
14,16,46,1,tragic deaths,悲惨な死,3,1,1,TRUE,1
14,17,2,1,beautiful woman,美しい女性,1,1,1,TRUE,1
14,18,47,1,handsome man,イケメン,3,1,1,TRUE,1
14,19,14,1,bitter experience,苦い経験,1,1,1,TRUE,1
14,20,62,1,big eyes,大きな目,3,1,1,TRUE,1
14,21,45,1,high price,高額,3,1,1,TRUE,1
14,22,29,1,strong wind,強風,2,1,1,TRUE,1
14,23,17,1,clean water,清潔な水,2,1,1,TRUE,1
14,24,68,2,bad debt,負債,3,0,0,TRUE,0
14,25,7,2,bare feet,裸足,1,1,1,TRUE,1
14,26,31,2,brief moment,僅かの間,3,1,1,TRUE,1
14,27,6,2,broad daylight,幅広い日光,4,0,0,TRUE,0
14,28,27,2,busy road,交通量が多い道,3,1,1,TRUE,1
14,29,9,2,careful attention,しっかり注意する,4,1,1,TRUE,1
14,30,66,2,coming months,翌月,3,1,1,TRUE,1
14,31,55,2,early bird,早起き,2,0,1,FALSE,1
14,32,12,2,easy decision,さっと決断する,3,0,1,FALSE,0
14,33,36,2,false teeth,ごまかし,4,0,0,TRUE,0
14,34,67,2,flat rate,横ばいのレート,3,0,0,TRUE,0
14,35,13,2,free speech,表現の自由,2,1,1,TRUE,1
14,36,11,2,full understanding,充分な理解,2,1,1,TRUE,1
14,37,48,2,hard luck,なかなかない幸運,4,0,0,TRUE,0
14,38,8,2,low speed,低速度,2,1,1,TRUE,1
14,39,37,2,lucky guess,よい推測,4,0,0,TRUE,0
14,40,5,2,open arms,偏見なく,4,0,0,TRUE,0
14,41,52,2,poor health,不健康,3,1,1,TRUE,1
14,42,53,2,proud parents,誇り高き両親,4,0,0,TRUE,0
14,43,61,2,quick look,ちょっと見る,3,1,1,TRUE,1
14,44,54,2,sharp rise,急上昇,3,1,1,TRUE,1
14,45,1,2,short notice,喫緊の通知,3,0,0,TRUE,0
14,46,10,2,slow learner,時間をかけて学習する人,3,1,1,TRUE,1
14,47,57,3,active personality,積極的な性格,2,,,,
14,48,20,3,cheap pay,僅かな支払い,2,,,,
14,49,60,3,dark society,暗黒の社会,4,,,,
14,50,51,3,delicious season,美味しい季節,4,,,,
14,51,39,3,far eye,視野が広い,4,,,,
14,52,26,3,frank question,率直な質問,3,,,,
14,53,3,3,hot battle,熱い闘い,1,,,,
14,54,40,3,light content,内容が薄い,4,,,,
14,55,44,3,narrow thought,狭い考え方,4,,,,
14,56,35,3,pretty animal,かわいい動物,2,,,,
14,57,34,3,quiet war,静かなる戦争,3,,,,
14,58,15,3,severe home,住み難い家,4,,,,
14,59,32,3,shallow injury,浅い傷,3,,,,
14,60,42,3,silent force,沈黙の力,4,,,,
14,61,59,3,slim branch,細い枝,3,,,,
14,62,4,3,soft atmosphere,穏やかな雰囲気,1,,,,
14,63,22,3,straight heart,真っ直ぐな想い,4,,,,
14,64,50,3,sweet judgment,甘い判断,4,,,,
14,65,69,3,tall danger,危険が高い,4,,,,
14,66,25,3,warm gift,あたたかい贈り物,3,,,,
14,67,64,3,weak rain ,小雨,3,,,,
14,68,23,3,wide market,幅広い市場,3,,,,
14,69,65,3,yellow voice,黄色い声,4,,,,
15,1,15,1,thick fog,深い霧,3,1,1,TRUE,1
15,2,8,1,stupid idea,馬鹿な考え,1,1,1,TRUE,1
15,3,60,1,thin lips ,薄い唇,1,1,1,TRUE,1
15,4,7,1,deep love,心からの愛,1,1,1,TRUE,1
15,5,10,1,small room,小さい部屋,1,1,1,TRUE,1
15,6,6,1,long sleep,長時間睡眠,1,1,1,TRUE,1
15,7,69,1,cold tea,冷たいお茶,1,1,1,TRUE,1
15,8,39,1,broken window,割れた窓,1,1,1,TRUE,1
15,9,36,1,final year,最後の年,2,1,1,TRUE,1
15,10,12,1,front tire,前輪,1,1,1,TRUE,1
15,11,25,1,famous person,有名人,1,1,1,TRUE,1
15,12,43,1,good news,いい知らせ,1,1,1,TRUE,1
15,13,21,1,economic growth,経済成長,1,1,1,TRUE,1
15,14,33,1,black hole,ブラックホール,1,1,1,TRUE,1
15,15,66,1,near future,近い将来,1,1,1,TRUE,1
15,16,59,1,tragic deaths,非業の死,4,1,0,FALSE,1
15,17,30,1,beautiful woman,美人,1,1,1,TRUE,1
15,18,11,1,handsome man,かっこいい男,1,1,1,TRUE,1
15,19,51,1,bitter experience,苦い経験,1,1,1,TRUE,1
15,20,22,1,big eyes,大きな目,1,1,1,TRUE,1
15,21,57,1,high price,高価,1,1,1,TRUE,1
15,22,41,1,strong wind,強風,1,1,1,TRUE,1
15,23,48,1,clean water,きれいな水,1,1,1,TRUE,1
15,24,46,2,bad debt,悪い借金,2,0,0,TRUE,0
15,25,19,2,bare feet,はだし,1,1,1,TRUE,1
15,26,42,2,brief moment,短い時間,2,1,1,TRUE,1
15,27,35,2,broad daylight,日当たり良好,3,0,0,TRUE,0
15,28,65,2,busy road,混雑した道,1,1,1,TRUE,1
15,29,64,2,careful attention,警戒,2,1,0,FALSE,1
15,30,1,2,coming months,来月,1,1,1,TRUE,1
15,31,50,2,early bird,朝に飛ぶ鳥,4,0,0,TRUE,0
15,32,24,2,easy decision,簡単な決断,2,1,1,TRUE,1
15,33,20,2,false teeth,虫歯,3,0,0,TRUE,0
15,34,34,2,flat rate,傾斜率,4,0,0,TRUE,0
15,35,4,2,free speech,自由なスピーチ,1,0,0,TRUE,0
15,36,52,2,full understanding,完全に理解した,2,1,1,TRUE,1
15,37,47,2,hard luck,致命的欠陥,3,0,0,TRUE,0
15,38,61,2,low speed,低速,1,1,1,TRUE,1
15,39,67,2,lucky guess,ひらめき,3,0,0,TRUE,0
15,40,28,2,open arms,広げた腕,3,0,0,TRUE,0
15,41,26,2,poor health,不健康,1,1,1,TRUE,1
15,42,13,2,proud parents,自慢できる両親,2,0,0,TRUE,0
15,43,27,2,quick look,素早く見る,2,1,1,TRUE,1
15,44,37,2,sharp rise,急成長,1,1,1,TRUE,1
15,45,40,2,short notice,すぐに理解する,3,0,0,TRUE,0
15,46,49,2,slow learner,理解の遅い人,3,1,1,TRUE,1
15,47,63,3,active personality,行動力のある人柄,2,,,,
15,48,5,3,cheap pay,安い賃金,2,,,,
15,49,56,3,dark society,闇社会,3,,,,
15,50,62,3,delicious season,食事がおいしい季節,3,,,,
15,51,55,3,far eye,遠くまで見える目,3,,,,
15,52,44,3,frank question,気軽な質問,2,,,,
15,53,14,3,hot battle,熱い瓶,4,,,,
15,54,3,3,light content,明るい内容,2,,,,
15,55,32,3,narrow thought,狭い考え,3,,,,
15,56,54,3,pretty animal,かわいい動物,1,,,,
15,57,38,3,quiet war,静かなる戦い,3,,,,
15,58,9,3,severe home,荒れ果てた家,3,,,,
15,59,18,3,shallow injury,軽傷,4,,,,
15,60,2,3,silent force,静かな力,3,,,,
15,61,16,3,slim branch,細い枝,2,,,,
15,62,29,3,soft atmosphere,緩い環境,4,,,,
15,63,58,3,straight heart,まっすぐな心,3,,,,
15,64,23,3,sweet judgment,甘い判断,2,,,,
15,65,53,3,tall danger,背の高い危険人物,4,,,,
15,66,68,3,warm gift,心温まる贈り物,4,,,,
15,67,17,3,weak rain ,弱い雨,1,,,,
15,68,31,3,wide market,幅広い市場,2,,,,
15,69,45,3,yellow voice,黄色い声援,2,,,,
16,1,48,1,thick fog,,4,0,0,TRUE,0
16,2,54,1,stupid idea,馬鹿げた考え,1,1,1,TRUE,1
16,3,20,1,thin lips ,薄い唇,1,1,1,TRUE,1
16,4,45,1,deep love,深い愛,1,1,1,TRUE,1
16,5,7,1,small room,小さい部屋,1,1,1,TRUE,1
16,6,24,1,long sleep,長時間の睡眠,3,1,1,TRUE,1
16,7,42,1,cold tea,冷たいお茶,1,1,1,TRUE,1
16,8,68,1,broken window,壊れた窓,1,1,1,TRUE,1
16,9,53,1,final year,最後の年,1,1,1,TRUE,1
16,10,67,1,front tire,前輪,4,1,1,TRUE,1
16,11,62,1,famous person,有名な人,1,1,1,TRUE,1
16,12,60,1,good news,いいニュース,1,1,1,TRUE,1
16,13,18,1,economic growth,経済成長,1,1,1,TRUE,1
16,14,12,1,black hole,ブラックホール,1,1,1,TRUE,1
16,15,49,1,near future,近い将来,1,1,1,TRUE,1
16,16,11,1,tragic deaths,,4,0,0,TRUE,0
16,17,39,1,beautiful woman,美しい女性,1,1,1,TRUE,1
16,18,1,1,handsome man,かっこいい男の人,1,1,1,TRUE,1
16,19,21,1,bitter experience,苦い経験,1,1,1,TRUE,1
16,20,50,1,big eyes,大きい目,1,1,1,TRUE,1
16,21,23,1,high price,高値,2,1,1,TRUE,1
16,22,37,1,strong wind,強い風,1,1,1,TRUE,1
16,23,55,1,clean water,きれいな水,1,1,1,TRUE,1
16,24,61,1,bad debt,,4,0,0,TRUE,0
16,25,43,2,bare feet,裸足,1,1,1,TRUE,1
16,26,63,2,brief moment,手紙の瞬間,4,0,0,TRUE,0
16,27,25,2,broad daylight,,4,0,0,TRUE,0
16,28,5,2,busy road,忙しい道,2,1,1,TRUE,1
16,29,30,2,careful attention,気を付けるべき注意,4,1,0,FALSE,0
16,30,44,2,coming months,もうすぐ来る月,3,1,1,TRUE,1
16,31,9,2,early bird,速い鳥,1,0,0,TRUE,0
16,32,19,2,easy decision,簡単な決定,3,1,1,TRUE,1
16,33,14,2,false teeth,間違った歯,3,0,0,TRUE,0
16,34,17,2,flat rate,フラットなレート,3,0,0,TRUE,0
16,35,41,2,free speech,自由なスピーチ,1,0,0,TRUE,0
16,36,22,2,full understanding,深い理解,4,1,1,TRUE,1
16,37,40,2,hard luck,厳しい運,2,1,1,TRUE,1
16,38,34,2,low speed,ロースピード,1,1,0,FALSE,1
16,39,66,2,lucky guess,ラッキーな推測,1,0,1,FALSE,0
16,40,8,2,open arms,広げられた腕,3,0,0,TRUE,0
16,41,15,2,poor health,貧しい健康,3,0,1,FALSE,0
16,42,58,2,proud parents,誇り高い親,3,0,0,TRUE,0
16,43,65,2,quick look,素早く見る,1,1,1,TRUE,1
16,44,33,2,sharp rise,鋭く昇る,4,1,1,TRUE,1
16,45,28,2,short notice,短い気づき,4,0,0,TRUE,0
16,46,35,2,slow learner,遅い学習者,1,0,1,FALSE,0
16,47,64,3,active personality,積極的なパーソナリティ,2,,,,
16,48,56,3,cheap pay,安い支払い,3,,,,
16,49,13,3,dark society,暗い社会,2,,,,
16,50,3,3,delicious season,おいしい季節,2,,,,
16,51,10,3,far eye,遠い目,2,,,,
16,52,16,3,frank question,フランクな質問,3,,,,
16,53,4,3,hot battle,熱いバトル,2,,,,
16,54,36,3,light content,光るもの,3,,,,
16,55,38,3,narrow thought,,4,,,,
16,56,31,3,pretty animal,可愛い動物,1,,,,
16,57,27,3,quiet war,静かな戦争,1,,,,
16,58,2,3,severe home,,4,,,,
16,59,32,3,shallow injury,,4,,,,
16,60,69,3,silent force,静かな力,3,,,,
16,61,29,3,slim branch,スリムな枝,3,,,,
16,62,57,3,soft atmosphere,柔らかい雰囲気,1,,,,
16,63,26,3,straight heart,まっすぐな心,2,,,,
16,64,51,3,sweet judgment,甘い判決,1,,,,
16,65,47,3,tall danger,高い危険,3,,,,
16,66,59,3,warm gift,温かいギフト,2,,,,
16,67,52,3,weak rain ,弱い雨,1,,,,
16,68,6,3,wide market,広いマーケット,2,,,,
16,69,46,3,yellow voice,黄色い声援,1,,,,
17,1,25,1,thick fog,薄い霧,4,0,0,TRUE,0
17,2,6,1,stupid idea,愚かな考え,1,1,1,TRUE,1
17,3,54,1,thin lips ,フレンチキス,4,0,0,TRUE,0
17,4,31,1,deep love,深い愛,1,1,1,TRUE,1
17,5,42,1,small room,小さな部屋,1,1,1,TRUE,1
17,6,39,1,long sleep,長い睡眠,1,1,1,TRUE,1
17,7,17,1,cold tea,冷たいお茶,1,1,1,TRUE,1
17,8,9,1,broken window,壊れた窓,2,1,1,TRUE,1
17,9,24,1,final year,最後の年,2,1,1,TRUE,1
17,10,46,1,front tire,,4,0,0,TRUE,0
17,11,3,1,famous person,有名人,1,1,1,TRUE,1
17,12,1,1,good news,良い知らせ,1,1,1,TRUE,1
17,13,43,1,economic growth,経済成長,1,1,1,TRUE,1
17,14,62,1,black hole,ブラックホール,2,1,1,TRUE,1
17,15,52,1,near future,近い将来,1,1,1,TRUE,1
17,16,44,1,tragic deaths,,4,0,0,TRUE,0
17,17,12,1,beautiful woman,美人,1,1,0,FALSE,1
17,18,64,1,handsome man,容姿が整った男性,1,1,1,TRUE,1
17,19,29,1,bitter experience,濃い経験,4,0,0,TRUE,0
17,20,50,1,big eyes,大きな目,1,1,1,TRUE,1
17,21,32,1,high price,高価格,1,1,1,TRUE,1
17,22,45,1,strong wind,強風,1,1,1,TRUE,1
17,23,15,1,clean water,きれいな水,1,1,1,TRUE,1
17,24,48,2,bad debt,良くない掛け金,4,0,0,TRUE,0
17,25,23,2,bare feet,,4,0,0,TRUE,0
17,26,68,2,brief moment,ちょっとした間,1,1,1,TRUE,1
17,27,33,2,broad daylight,,4,0,0,TRUE,0
17,28,21,2,busy road,混み合う通り,1,1,1,TRUE,1
17,29,18,2,careful attention,十分な注意,1,1,1,TRUE,1
17,30,8,2,coming months,来月,4,1,1,TRUE,1
17,31,47,2,early bird,早起き,2,0,1,FALSE,1
17,32,5,2,easy decision,安易な結論,3,0,1,FALSE,1
17,33,40,2,false teeth,虫歯,2,0,0,TRUE,0
17,34,55,2,flat rate,あまり変化しない,3,0,0,TRUE,0
17,35,41,2,free speech,自由な演説,2,0,0,TRUE,0
17,36,13,2,full understanding,完全に理解,2,1,1,TRUE,1
17,37,28,2,hard luck,強運,3,0,0,TRUE,0
17,38,2,2,low speed,遅い速度,1,1,1,TRUE,1
17,39,38,2,lucky guess,都合の良い推測,3,0,0,TRUE,0
17,40,27,2,open arms,,4,0,0,TRUE,0
17,41,26,2,poor health,不健康,2,1,1,TRUE,1
17,42,35,2,proud parents,,4,0,0,TRUE,0
17,43,10,2,quick look,パット見,2,1,1,TRUE,1
17,44,65,2,sharp rise,緩やかな上昇,1,1,0,FALSE,0
17,45,59,2,short notice,気づきにくい,4,0,0,TRUE,0
17,46,57,2,slow learner,学習が遅い人,2,1,1,TRUE,1
17,47,36,3,active personality,積極的な性格,1,,,,
17,48,4,3,cheap pay,安い賃金,3,,,,
17,49,63,3,dark society,悪い社会,2,,,,
17,50,19,3,delicious season,繁盛期,4,,,,
17,51,30,3,far eye,遠視,2,,,,
17,52,61,3,frank question,自由な質問,3,,,,
17,53,7,3,hot battle,激戦,2,,,,
17,54,20,3,light content,,4,,,,
17,55,16,3,narrow thought,狭い思考,3,,,,
17,56,37,3,pretty animal,かわいい動物,1,,,,
17,57,60,3,quiet war,冷戦,3,,,,
17,58,53,3,severe home,別荘,3,,,,
17,59,69,3,shallow injury,浅い傷,1,,,,
17,60,58,3,silent force,見えない力,3,,,,
17,61,51,3,slim branch,,4,,,,
17,62,49,3,soft atmosphere,穏やかな大気,3,,,,
17,63,11,3,straight heart,真っ直ぐな心,3,,,,
17,64,34,3,sweet judgment,緩い判定,3,,,,
17,65,22,3,tall danger,,4,,,,
17,66,66,3,warm gift,温かな贈り物,3,,,,
17,67,56,3,weak rain ,小雨,1,,,,
17,68,67,3,wide market,公開市場,2,,,,
17,69,14,3,yellow voice,歓声,1,,,,
18,1,19,1,thick fog,,4,0,0,TRUE,0
18,2,28,1,stupid idea,馬鹿げたアイデア,2,1,1,TRUE,1
18,3,67,1,thin lips ,薄い唇,2,1,1,TRUE,1
18,4,22,1,deep love,深い愛情,2,1,1,TRUE,1
18,5,1,1,small room,小さな部屋,1,1,1,TRUE,1
18,6,40,1,long sleep,長い睡眠,2,1,1,TRUE,1
18,7,44,1,cold tea,冷たいお茶,1,1,1,TRUE,1
18,8,24,1,broken window,壊れた窓,1,1,1,TRUE,1
18,9,26,1,final year,晩年,2,0,1,FALSE,0
18,10,31,1,front tire,,4,0,0,TRUE,0
18,11,18,1,famous person,著名人,2,1,1,TRUE,1
18,12,52,1,good news,良い知らせ,1,1,1,TRUE,1
18,13,23,1,economic growth,経済成長,1,1,1,TRUE,1
18,14,14,1,black hole,ブラックホール,2,1,1,TRUE,1
18,15,34,1,near future,近い未来,2,1,1,TRUE,1
18,16,17,1,tragic deaths,,4,0,0,TRUE,0
18,17,5,1,beautiful woman,きれいな女性,1,1,1,TRUE,1
18,18,33,1,handsome man,,4,0,0,TRUE,0
18,19,50,1,bitter experience,苦い経験,3,1,1,TRUE,1
18,20,29,1,big eyes,大きな目,1,1,1,TRUE,1
18,21,60,1,high price,高い値段,1,1,1,TRUE,1
18,22,15,1,strong wind,強い風,1,1,1,TRUE,1
18,23,9,1,clean water,きれいな水,1,1,1,TRUE,1
18,24,43,1,bad debt,,4,0,0,TRUE,0
18,25,35,2,bare feet,裸足,2,1,1,TRUE,1
18,26,53,2,brief moment,短い瞬間,2,1,1,TRUE,1
18,27,21,2,broad daylight,,4,0,0,TRUE,0
18,28,6,2,busy road,交通量の多い道路,2,1,1,TRUE,1
18,29,2,2,careful attention,深い注意,1,1,1,TRUE,1
18,30,62,2,coming months,翌月,4,1,1,TRUE,1
18,31,48,2,early bird,事前受付,4,1,1,TRUE,1
18,32,56,2,easy decision,簡単な指示,2,0,0,TRUE,0
18,33,42,2,false teeth,,4,0,0,TRUE,0
18,34,37,2,flat rate,平らな,4,0,0,TRUE,0
18,35,54,2,free speech,自由な発言,3,1,0,FALSE,0
18,36,69,2,full understanding,完全な理解,2,1,1,TRUE,1
18,37,51,2,hard luck,,4,0,0,TRUE,0
18,38,49,2,low speed,低い速度,1,1,1,TRUE,1
18,39,63,2,lucky guess,都合の良い推測,2,0,0,TRUE,0
18,40,46,2,open arms,,4,0,0,TRUE,0
18,41,65,2,poor health,健康状態が悪い,2,1,1,TRUE,1
18,42,61,2,proud parents,誇りのある親,3,0,0,TRUE,0
18,43,55,2,quick look,ちょっと見る,3,1,1,TRUE,1
18,44,7,2,sharp rise,鋭い,4,1,0,FALSE,0
18,45,59,2,short notice,ちょっとした気づき,3,0,0,TRUE,0
18,46,3,2,slow learner,ゆっくりとした学習者,3,0,0,TRUE,0
18,47,41,3,active personality,積極性,3,,,,
18,48,39,3,cheap pay,安価な支払い,4,,,,
18,49,13,3,dark society,黒い社会,2,,,,
18,50,27,3,delicious season,美味しい季節,4,,,,
18,51,68,3,far eye,遠い目,4,,,,
18,52,36,3,frank question,簡単な質問,2,,,,
18,53,16,3,hot battle,熱戦,2,,,,
18,54,20,3,light content,簡単な内容,2,,,,
18,55,11,3,narrow thought,狭い考え,4,,,,
18,56,66,3,pretty animal,可愛い動物,2,,,,
18,57,30,3,quiet war,終戦,2,,,,
18,58,45,3,severe home,,4,,,,
18,59,57,3,shallow injury,,4,,,,
18,60,64,3,silent force,無言の圧力,2,,,,
18,61,12,3,slim branch,小枝,2,,,,
18,62,47,3,soft atmosphere,柔らかい雰囲気,4,,,,
18,63,38,3,straight heart,純粋,3,,,,
18,64,58,3,sweet judgment,甘い判決,3,,,,
18,65,4,3,tall danger,背の高いダンサー,1,,,,
18,66,32,3,warm gift,温かな贈り物,3,,,,
18,67,8,3,weak rain ,小雨,2,,,,
18,68,25,3,wide market,広い市場,2,,,,
18,69,10,3,yellow voice,黄色い声援,2,,,,
19,1,11,1,thick fog,厚い霧,1,1,1,TRUE,1
19,2,45,1,stupid idea,馬鹿げた考え,1,1,1,TRUE,1
19,3,44,1,thin lips ,薄い唇,1,1,1,TRUE,1
19,4,64,1,deep love,深い愛,1,1,1,TRUE,1
19,5,10,1,small room,小さな部屋,1,1,1,TRUE,1
19,6,28,1,long sleep,長い睡眠,1,1,1,TRUE,1
19,7,53,1,cold tea,冷たいお茶,1,1,1,TRUE,1
19,8,42,1,broken window,壊れた窓,1,1,1,TRUE,1
19,9,46,1,final year,最終年,1,1,1,TRUE,1
19,10,13,1,front tire,前のタイヤ,1,1,1,TRUE,1
19,11,26,1,famous person,有名な人,1,1,1,TRUE,1
19,12,56,1,good news,良い知らせ,1,1,1,TRUE,1
19,13,27,1,economic growth,経済成長,1,1,1,TRUE,1
19,14,37,1,black hole,ブラックホール,1,1,1,TRUE,1
19,15,65,1,near future,近い将来,1,1,1,TRUE,1
19,16,49,1,tragic deaths,,4,0,0,TRUE,0
19,17,25,1,beautiful woman,美しい女の人,1,1,1,TRUE,1
19,18,51,1,handsome man,格好いい男の人,1,1,1,TRUE,1
19,19,66,1,bitter experience,苦い経験,1,1,1,TRUE,1
19,20,12,1,big eyes,大きな目,1,1,1,TRUE,1
19,21,4,1,high price,高い価格,1,1,1,TRUE,1
19,22,22,1,strong wind,強い風,1,1,1,TRUE,1
19,23,31,1,clean water,きれいな水,1,1,1,TRUE,1
19,24,18,1,bad debt,,4,0,0,TRUE,0
19,25,40,2,bare feet,裸足,1,1,1,TRUE,1
19,26,15,2,brief moment,一瞬,2,1,1,TRUE,1
19,27,33,2,broad daylight,広い日差し,3,0,0,TRUE,0
19,28,24,2,busy road,交通量が多い道路,1,1,1,TRUE,1
19,29,32,2,careful attention,注意深い注意,3,1,0,FALSE,0
19,30,59,2,coming months,来月,1,1,1,TRUE,1
19,31,67,2,early bird,朝方の鳥,3,0,0,TRUE,1
19,32,61,2,easy decision,簡単な判断,2,1,1,TRUE,1
19,33,55,2,false teeth,偽物の歯,2,1,1,TRUE,1
19,34,17,2,flat rate,平らな数値,4,0,0,TRUE,0
19,35,8,2,free speech,自由なスピーチ,1,0,0,TRUE,0
19,36,23,2,full understanding,しっかりとした理解,2,1,1,TRUE,1
19,37,19,2,hard luck,悪運,4,0,1,FALSE,0
19,38,38,2,low speed,遅いスピード,1,1,1,TRUE,1
19,39,57,2,lucky guess,運に任せた予想,3,0,1,FALSE,0
19,40,5,2,open arms,開いた腕,3,0,0,TRUE,0
19,41,36,2,poor health,不健康,2,1,1,TRUE,1
19,42,68,2,proud parents,誇りに思っている両親,2,1,1,TRUE,1
19,43,7,2,quick look,素早く見ること,2,1,1,TRUE,1
19,44,54,2,sharp rise,急上昇,2,1,1,TRUE,1
19,45,34,2,short notice,短い気付き,3,0,0,TRUE,0
19,46,14,2,slow learner,学びことが遅い人,2,1,1,TRUE,1
19,47,63,3,active personality,積極的な性格,2,,,,
19,48,20,3,cheap pay,安い支払い,2,,,,
19,49,60,3,dark society,闇社会,3,,,,
19,50,16,3,delicious season,美味しい季節,4,,,,
19,51,47,3,far eye,遠視,3,,,,
19,52,43,3,frank question,ゆるい質問,2,,,,
19,53,1,3,hot battle,熱戦,3,,,,
19,54,35,3,light content,軽い項目,3,,,,
19,55,48,3,narrow thought,狭い考え,3,,,,
19,56,29,3,pretty animal,可愛い動物,1,,,,
19,57,50,3,quiet war,静かな戦争,3,,,,
19,58,58,3,severe home,深刻な家,3,,,,
19,59,39,3,shallow injury,僅かな負傷,2,,,,
19,60,30,3,silent force,静かな力,2,,,,
19,61,69,3,slim branch,細い幹,2,,,,
19,62,9,3,soft atmosphere,軽い雰囲気,3,,,,
19,63,6,3,straight heart,真っ直ぐな心,4,,,,
19,64,2,3,sweet judgment,甘い判定,3,,,,
19,65,3,3,tall danger,高い危険,4,,,,
19,66,41,3,warm gift,温かい贈り物,2,,,,
19,67,52,3,weak rain ,弱い雨,1,,,,
19,68,62,3,wide market,広い市場,3,,,,
19,69,21,3,yellow voice,黄色い声,2,,,,
20,1,28,1,thick fog,厚い霧,1,1,1,TRUE,1
20,2,66,1,stupid idea,馬鹿な考え,1,1,1,TRUE,1
20,3,54,1,thin lips ,薄い唇,1,1,1,TRUE,1
20,4,41,1,deep love,深い愛,1,1,1,TRUE,1
20,5,3,1,small room,小さい部屋,1,1,1,TRUE,1
20,6,12,1,long sleep,長い睡眠,1,1,1,TRUE,1
20,7,7,1,cold tea,冷たいお茶,1,1,1,TRUE,1
20,8,14,1,broken window,壊れた窓,1,1,1,TRUE,1
20,9,69,1,final year,最後の年,1,1,1,TRUE,1
20,10,1,1,front tire,前輪,1,1,1,TRUE,1
20,11,4,1,famous person,有名な人,1,1,1,TRUE,1
20,12,27,1,good news,良い出来事,1,1,0,FALSE,1
20,13,56,1,economic growth,経済成長,1,1,1,TRUE,1
20,14,8,1,black hole,ブラックホール,1,1,1,TRUE,1
20,15,15,1,near future,近い将来,1,1,1,TRUE,1
20,16,22,1,tragic deaths,事故死,3,0,0,TRUE,0
20,17,62,1,beautiful woman,美しい女性,1,1,1,TRUE,1
20,18,5,1,handsome man,かっこいい男性,1,1,1,TRUE,1
20,19,39,1,bitter experience,苦い経験,1,1,1,TRUE,1
20,20,51,1,big eyes,大きな目,1,1,1,TRUE,1
20,21,44,1,high price,高い値段,1,1,1,TRUE,1
20,22,58,1,strong wind,強風,1,1,1,TRUE,1
20,23,30,1,clean water,きれいな水,1,1,1,TRUE,1
20,24,20,2,bad debt,悪い借金,3,0,0,TRUE,0
20,25,64,2,bare feet,大きな足,4,0,0,TRUE,0
20,26,42,2,brief moment,,4,0,0,TRUE,0
20,27,65,2,broad daylight,,4,0,0,TRUE,0
20,28,49,2,busy road,渋滞している道,1,1,1,TRUE,1
20,29,6,2,careful attention,注意深い態度,4,1,0,FALSE,1
20,30,57,2,coming months,来たる月,3,1,1,TRUE,1
20,31,23,2,early bird,,4,0,0,TRUE,0
20,32,34,2,easy decision,容易な判断,2,1,1,TRUE,1
20,33,63,2,false teeth,欠けた歯,2,0,0,TRUE,0
20,34,24,2,flat rate,平行な率,4,0,0,TRUE,0
20,35,53,2,free speech,自由な発言,3,1,0,FALSE,0
20,36,21,2,full understanding,完璧な理解,1,1,1,TRUE,1
20,37,26,2,hard luck,強運,2,0,0,TRUE,0
20,38,9,2,low speed,遅いスピード,1,1,1,TRUE,1
20,39,38,2,lucky guess,幸運な推測,2,0,0,TRUE,0
20,40,68,2,open arms,開いた腕,4,0,0,TRUE,0
20,41,11,2,poor health,不健康,3,1,1,TRUE,1
20,42,67,2,proud parents,誇り高き両親,4,0,0,TRUE,0
20,43,29,2,quick look,素早い確認,3,1,1,TRUE,1
20,44,36,2,sharp rise,,4,0,0,TRUE,0
20,45,47,2,short notice,素早い気付き,3,0,0,TRUE,0
20,46,37,2,slow learner,遅い学習者,2,0,1,FALSE,0
20,47,32,3,active personality,積極的な性格,2,,,,
20,48,16,3,cheap pay,安い支払い,3,,,,
20,49,59,3,dark society,暗い社会,2,,,,
20,50,43,3,delicious season,旬の季節,4,,,,
20,51,46,3,far eye,遠視,1,,,,
20,52,10,3,frank question,率直な質問,1,,,,
20,53,19,3,hot battle,熱い戦い,1,,,,
20,54,61,3,light content,軽い内容,2,,,,
20,55,2,3,narrow thought,簡潔な考え,3,,,,
20,56,35,3,pretty animal,かわいい動物,1,,,,
20,57,52,3,quiet war,冷戦,3,,,,
20,58,48,3,severe home,,4,,,,
20,59,50,3,shallow injury,擦り傷,4,,,,
20,60,13,3,silent force,静かな力,3,,,,
20,61,33,3,slim branch,,4,,,,
20,62,18,3,soft atmosphere,柔らかな雰囲気,1,,,,
20,63,25,3,straight heart,真っ直ぐな心,1,,,,
20,64,40,3,sweet judgment,甘い判断,1,,,,
20,65,17,3,tall danger,とても危険,3,,,,
20,66,45,3,warm gift,暖かい贈り物,3,,,,
20,67,55,3,weak rain ,弱い雨,1,,,,
20,68,31,3,wide market,大きな市場,2,,,,
20,69,60,3,yellow voice,黄色い声,1,,,,
21,1,68,1,thick fog,細い狐,3,0,0,TRUE,0
21,2,7,1,stupid idea,馬鹿げた考え,1,1,1,TRUE,1
21,3,2,1,thin lips ,薄い唇,1,1,1,TRUE,1
21,4,60,1,deep love,深い愛,1,1,1,TRUE,1
21,5,15,1,small room,小さな部屋,1,1,1,TRUE,1
21,6,44,1,long sleep,長い睡眠,2,1,1,TRUE,1
21,7,31,1,cold tea,冷たいお茶,1,1,1,TRUE,1
21,8,59,1,broken window,割れた窓,2,1,1,TRUE,1
21,9,46,1,final year,最終年,2,1,1,TRUE,1
21,10,48,1,front tire,前輪,2,1,1,TRUE,1
21,11,19,1,famous person,有名人,1,1,1,TRUE,1
21,12,22,1,good news,良い知らせ,1,1,1,TRUE,1
21,13,24,1,economic growth,経済成長,1,1,1,TRUE,1
21,14,9,1,black hole,黒い穴,2,1,1,TRUE,1
21,15,56,1,near future,近い将来,2,1,1,TRUE,1
21,16,45,1,tragic deaths,悲劇の死,4,1,1,TRUE,1
21,17,32,1,beautiful woman,きれいな女性,1,1,1,TRUE,1
21,18,30,1,handsome man,かっこいい男性,1,1,1,TRUE,1
21,19,50,1,bitter experience,苦い経験,1,1,1,TRUE,1
21,20,55,1,big eyes,大きな目,1,1,1,TRUE,1
21,21,13,1,high price,高い値段,1,1,1,TRUE,1
21,22,12,1,strong wind,強い風,1,1,1,TRUE,1
21,23,26,1,clean water,きれいな水,1,1,1,TRUE,1
21,24,16,2,bad debt,悪い日,4,0,0,TRUE,0
21,25,53,2,bare feet,我慢強い,4,0,0,TRUE,0
21,26,18,2,brief moment,短い瞬間,2,1,1,TRUE,1
21,27,39,2,broad daylight,長い昼,3,0,0,TRUE,0
21,28,61,2,busy road,忙しい道,2,1,1,TRUE,1
21,29,17,2,careful attention,注意深い目配り,3,1,0,FALSE,1
21,30,27,2,coming months,来る月,3,1,1,TRUE,1
21,31,40,2,early bird,昔の鳥,4,0,0,TRUE,0
21,32,1,2,easy decision,簡単な決断,2,1,1,TRUE,1
21,33,10,2,false teeth,虫歯,3,0,0,TRUE,0
21,34,23,2,flat rate,穏やかなレート,3,0,0,TRUE,0
21,35,3,2,free speech,自由なスピーチ,2,0,0,TRUE,0
21,36,67,2,full understanding,完全理解,2,1,1,TRUE,1
21,37,11,2,hard luck,厳しい幸せ,4,0,0,TRUE,0
21,38,38,2,low speed,遅いスピード,2,1,1,TRUE,1
21,39,64,2,lucky guess,幸運な思い込み,4,0,0,TRUE,0
21,40,21,2,open arms,腕を広げる,2,0,0,TRUE,0
21,41,41,2,poor health,不健康,3,1,1,TRUE,1
21,42,28,2,proud parents,自慢できる親,3,0,0,TRUE,0
21,43,57,2,quick look,チラ見,2,1,1,TRUE,1
21,44,20,2,sharp rise,鋭い価格,3,0,0,TRUE,0
21,45,37,2,short notice,短い注意,3,0,0,TRUE,0
21,46,6,2,slow learner,遅い学習者,3,0,1,FALSE,0
21,47,66,3,active personality,元気な特徴,3,,,,
21,48,49,3,cheap pay,安い支払い,2,,,,
21,49,65,3,dark society,暗い社会,2,,,,
21,50,51,3,delicious season,美味しい季節,3,,,,
21,51,8,3,far eye,遠い目,2,,,,
21,52,69,3,frank question,単純な問題,3,,,,
21,53,62,3,hot battle,熱い戦い,2,,,,
21,54,35,3,light content,単純な内容,3,,,,
21,55,33,3,narrow thought,狭い考え,3,,,,
21,56,5,3,pretty animal,可愛い動物,1,,,,
21,57,58,3,quiet war,冷戦,3,,,,
21,58,34,3,severe home,厳しい家,3,,,,
21,59,43,3,shallow injury,浅い傷,2,,,,
21,60,42,3,silent force,静かな力,4,,,,
21,61,63,3,slim branch,細い枝,1,,,,
21,62,54,3,soft atmosphere,柔らかい雰囲気,1,,,,
21,63,47,3,straight heart,真っ直ぐな気持ち,2,,,,
21,64,36,3,sweet judgment,甘い判断,3,,,,
21,65,25,3,tall danger,高い危険性,2,,,,
21,66,14,3,warm gift,暖かい贈り物,3,,,,
21,67,4,3,weak rain ,弱い雨,1,,,,
21,68,52,3,wide market,広い市場,1,,,,
21,69,29,3,yellow voice,黄色い声援,1,,,,
22,1,13,1,thick fog,薄い霧,2,0,0,TRUE,0
22,2,14,1,stupid idea,愚かな考え,1,1,1,TRUE,1
22,3,42,1,thin lips,薄い唇,1,1,1,TRUE,1
22,4,15,1,deep love,深い愛情,1,1,1,TRUE,1
22,5,24,1,small room,小さな部屋,1,1,1,TRUE,1
22,6,25,1,long sleep,長い眠り,1,1,1,TRUE,1
22,7,34,1,cold tea,冷たいお茶,1,1,1,TRUE,1
22,8,41,1,broken window,割れた窓,1,1,1,TRUE,1
22,9,62,1,final year,最後の年,1,1,1,TRUE,1
22,10,1,1,front tire,前側のタイヤ,1,1,1,TRUE,1
22,11,63,1,famous person,有名な人物,1,1,1,TRUE,1
22,12,40,1,good news,良い知らせ,1,1,1,TRUE,1
22,13,17,1,economic growth,経済成長,1,1,1,TRUE,1
22,14,9,1,black hole,ブラックホール,1,1,1,TRUE,1
22,15,35,1,near future,近い将来,1,1,1,TRUE,1
22,16,22,1,tragic deaths,戦略的な死,4,0,0,TRUE,0
22,17,27,1,beautiful woman,美しい女,1,1,1,TRUE,1
22,18,7,1,handsome man,美形の男性,1,1,1,TRUE,1
22,19,47,1,bitter experience,苦い経験,2,1,1,TRUE,1
22,20,64,1,big eyes,大きい目,1,1,1,TRUE,1
22,21,66,1,high price,高い値段,1,1,1,TRUE,1
22,22,53,1,strong wind,強い風,3,1,1,TRUE,1
22,23,36,1,clean water,綺麗な水,1,1,1,TRUE,1
22,24,31,2,bad debt,悪い借金,4,0,0,TRUE,0
22,25,10,2,bare feet,裸足,1,1,1,TRUE,1
22,26,29,2,brief moment,短いひととき,1,1,1,TRUE,1
22,27,67,2,broad daylight,広い日光,4,0,0,TRUE,0
22,28,18,2,busy road,混んでいる道,1,1,1,TRUE,1
22,29,69,2,careful attention,注意深い注目,3,1,0,FALSE,1
22,30,57,2,coming months,来たる月,2,1,1,TRUE,1
22,31,12,2,early bird,早い鳥,4,0,0,TRUE,0
22,32,16,2,easy decision,簡単な決断,2,1,1,TRUE,1
22,33,3,2,false teeth,虫歯,3,0,0,TRUE,0
22,34,2,2,flat rate,均一の値,3,0,1,FALSE,0
22,35,56,2,free speech,自由な演説,3,0,0,TRUE,0
22,36,51,2,full understanding,十分な理解,4,1,1,TRUE,1
22,37,49,2,hard luck,硬い運,4,0,0,TRUE,0
22,38,55,2,low speed,遅い速度,2,1,1,TRUE,1
22,39,43,2,lucky guess,幸運な推測,4,0,1,FALSE,0
22,40,68,2,open arms,広げられた腕,3,0,0,TRUE,0
22,41,21,2,poor health,貧しい健康,3,0,1,FALSE,0
22,42,33,2,proud parents,誇らしげな両親,3,1,1,TRUE,1
22,43,60,2,quick look,素早く見ること,2,1,1,TRUE,1
22,44,28,2,sharp rise,鋭い米,4,0,0,TRUE,0
22,45,6,2,short notice,簡単な気付き,4,0,0,TRUE,0
22,46,38,2,slow learner,遅い学習者,3,0,1,FALSE,0
22,47,23,3,active personality,活発な性格,1,,,,
22,48,52,3,cheap pay,安い賃金,3,,,,
22,49,46,3,dark society,暗い社会,3,,,,
22,50,39,3,delicious season,おいしい季節,4,,,,
22,51,54,3,far eye,遠い目,4,,,,
22,52,11,3,frank question,率直な質問,1,,,,
22,53,44,3,hot battle,熱い戦い,3,,,,
22,54,61,3,light content,軽い内容,4,,,,
22,55,19,3,narrow thought,狭い考え,3,,,,
22,56,58,3,pretty animal,かわいい動物,1,,,,
22,57,20,3,quiet war,冷戦,3,,,,
22,58,8,3,severe home,厳しい家,2,,,,
22,59,48,3,shallow injury,浅い怪我,4,,,,
22,60,5,3,silent force,静かな軍隊,4,,,,
22,61,26,3,slim branch,細い枝,3,,,,
22,62,4,3,soft atmosphere,柔らかい雰囲気,1,,,,
22,63,37,3,straight heart,まっすぐな心,3,,,,
22,64,32,3,sweet judgment,甘い審査,4,,,,
22,65,45,3,tall danger,背の高い危険,4,,,,
22,66,30,3,warm gift,温かい贈り物,1,,,,
22,67,59,3,weak rain,弱い雨,3,,,,
22,68,50,3,wide market,広い市場,3,,,,
22,69,65,3,yellow voice,黄色い声,1,,,,
23,1,15,1,thick fog,小さいカエル,4,0,0,TRUE,0
23,2,47,1,stupid idea,馬鹿な考え,2,1,1,TRUE,1
23,3,23,1,thin lips,薄い唇,2,1,1,TRUE,1
23,4,5,1,deep love,深い愛情,2,1,1,TRUE,1
23,5,10,1,small room,小さい部屋,2,1,1,TRUE,1
23,6,44,1,long sleep,長い眠り,2,1,1,TRUE,1
23,7,1,1,cold tea,冷たいお茶,3,1,1,TRUE,1
23,8,61,1,broken window,壊れた窓,1,1,1,TRUE,1
23,9,56,1,final year,最後の年,3,1,1,TRUE,1
23,10,9,1,front tire,前輪,1,1,1,TRUE,1
23,11,29,1,famous person,有名人,1,1,1,TRUE,1
23,12,40,1,good news,良い知らせ,2,1,1,TRUE,1
23,13,25,1,economic growth,経済成長,1,1,1,TRUE,1
23,14,17,1,black hole,ブラックホール,1,1,1,TRUE,1
23,15,35,1,near future,近い将来,1,1,1,TRUE,1
23,16,4,1,tragic deaths,,4,0,0,TRUE,0
23,17,59,1,beautiful woman,きれいな女性,1,1,1,TRUE,1
23,18,49,1,handsome man,ハンサムな男性,1,1,1,TRUE,1
23,19,3,1,bitter experience,苦い経験,1,1,1,TRUE,1
23,20,13,1,big eyes,大きな目,4,1,1,TRUE,1
23,21,52,1,high price,高額,1,1,1,TRUE,1
23,22,42,1,strong wind,,1,0,0,TRUE,0
23,23,31,1,clean water,真水,3,0,1,FALSE,1
23,24,18,1,bad debt,,4,0,0,TRUE,0
23,25,22,2,bare feet,素足,1,1,1,TRUE,1
23,26,58,2,brief moment,大切な瞬間,4,0,0,TRUE,0
23,27,34,2,broad daylight,日光浴,4,0,0,TRUE,0
23,28,46,2,busy road,混んでいる道,2,1,1,TRUE,1
23,29,38,2,careful attention,注意深く注目する,4,1,0,FALSE,1
23,30,19,2,coming months,来月中,3,0,0,TRUE,0
23,31,24,2,early bird,鶏,4,0,0,TRUE,0
23,32,8,2,easy decision,簡単な決断,2,1,1,TRUE,1
23,33,27,2,false teeth,嘘つき,4,0,0,TRUE,0
23,34,69,2,flat rate,横ばい,3,0,0,TRUE,0
23,35,43,2,free speech,じゆうなスピーチ,3,0,0,TRUE,0
23,36,37,2,full understanding,完全な理解,2,1,1,TRUE,1
23,37,26,2,hard luck,不運,4,1,1,TRUE,1
23,38,28,2,low speed,ゆっくり,2,1,1,TRUE,1
23,39,68,2,lucky guess,やまかん,4,0,1,FALSE,0
23,40,32,2,open arms,伸び,4,0,0,TRUE,0
23,41,55,2,poor health,不健康,3,1,1,TRUE,1
23,42,60,2,proud parents,両親を誇りに思う,3,0,0,TRUE,0
23,43,64,2,quick look,ぱっと見,3,1,1,TRUE,1
23,44,6,2,sharp rise,急な上昇,3,1,1,TRUE,1
23,45,7,2,short notice,とっさのひらめき,3,0,0,TRUE,0
23,46,48,2,slow learner,学習に時間がかかる人,4,1,1,TRUE,1
23,47,16,3,active personality,積極的な性格,3,,,,
23,48,36,3,cheap pay,安い賃金,2,,,,
23,49,63,3,dark society,社会の闇,3,,,,
23,50,21,3,delicious season,実りの時期,3,,,,
23,51,50,3,far eye,遠い目,2,,,,
23,52,62,3,frank question,簡単な質問,4,,,,
23,53,39,3,hot battle,突発的な戦い,4,,,,
23,54,45,3,light content,,4,,,,
23,55,2,3,narrow thought,狭い考え方,3,,,,
23,56,67,3,pretty animal,可愛い動物,2,,,,
23,57,53,3,quiet war,戦争をやめる,3,,,,
23,58,14,3,severe home,,4,,,,
23,59,11,3,shallow injury,,4,,,,
23,60,20,3,silent force,無言の,3,,,,
23,61,51,3,slim branch,細い枝,4,,,,
23,62,33,3,soft atmosphere,柔らかな雰囲気,3,,,,
23,63,12,3,straight heart,通常の心拍,4,,,,
23,64,41,3,sweet judgment,甘い判断,3,,,,
23,65,57,3,tall danger,非常に危険,3,,,,
23,66,66,3,warm gift,ささやかな贈り物,4,,,,
23,67,54,3,weak rain,小雨,1,,,,
23,68,30,3,wide market,広い市場,3,,,,
23,69,65,3,yellow voice,黄色い歓声,2,,,,
24,1,61,1,thick fog,濃い霧,1,,,,1
24,2,16,1,stupid idea,愚かな考え,1,,,,1
24,3,44,1,thin lips,薄い唇,2,,,,1
24,4,31,1,deep love,深い愛,1,,,,1
24,5,33,1,small room,小さな部屋,1,,,,1
24,6,68,1,long sleep,長い眠り,2,,,,1
24,7,32,1,cold tea,冷たいお茶,1,,,,1
24,8,35,1,broken window,割れた窓,1,,,,1
24,9,10,1,final year,最後の年,1,,,,1
24,10,20,1,front tire,前のタイヤ,1,,,,1
24,11,27,1,famous person,有名な人,1,,,,1
24,12,17,1,good news,いい話,1,,,,1
24,13,23,1,economic growth,経済成長,1,,,,1
24,14,64,1,black hole,暗い穴,2,,,,1
24,15,7,1,near future,近い将来,1,,,,1
24,16,53,1,tragic deaths,悲劇的な死,3,,,,1
24,17,60,1,beautiful woman,美しい女性,1,,,,1
24,18,30,1,handsome man,かっこいい男性,1,,,,1
24,19,63,1,bitter experience,苦い経験,1,,,,1
24,20,12,1,big eyes,大きな目,1,,,,1
24,21,2,1,high price,高い金額,1,,,,1
24,22,49,1,strong wind,強い風,1,,,,1
24,23,47,1,clean water,きれいな水,1,,,,1
24,24,38,2,bad debt,ひどい借金,2,,,,0
24,25,5,2,bare feet,裸足,1,,,,1
24,26,40,2,brief moment,一瞬,1,,,,1
24,27,24,2,broad daylight,広い日の光,2,,,,0
24,28,25,2,busy road,混雑する道,1,,,,1
24,29,1,2,careful attention,注意深い注目,3,,,,1
24,30,18,2,coming months,来る月,1,,,,1
24,31,8,2,early bird,,4,,,,0
24,32,66,2,easy decision,容易な決断,2,,,,1
24,33,39,2,false teeth,間違った歯,3,,,,0
24,34,56,2,flat rate,真っ直ぐな割合,2,,,,0
24,35,59,2,free speech,自由な発言,2,,,,0
24,36,28,2,full understanding,完全な理解,2,,,,1
24,37,69,2,hard luck,難しい幸運,3,,,,0
24,38,22,2,low speed,ゆっくりな速さ,2,,,,1
24,39,48,2,lucky guess,幸運な思いつき,3,,,,0
24,40,57,2,open arms,開けた腕,2,,,,0
24,41,37,2,poor health,良くない体調,4,,,,0
24,42,21,2,proud parents,尊敬する両親,3,,,,0
24,43,52,2,quick look,早い知覚,4,,,,0
24,44,11,2,sharp rise,急激な上昇,1,,,,1
24,45,9,2,short notice,端的な気付き,3,,,,0
24,46,6,2,slow learner,ゆっくりな学習者,2,,,,0
24,47,42,3,active personality,積極的な性格,1,,,,
24,48,3,3,cheap pay,安い賃金,1,,,,
24,49,19,3,dark society,暗い社会,1,,,,
24,50,43,3,delicious season,美味しい季節,2,,,,
24,51,46,3,far eye,遠い目,2,,,,
24,52,62,3,frank question,率直な疑問,1,,,,
24,53,55,3,hot battle,熱い戦い,1,,,,
24,54,65,3,light content,薄い内容,3,,,,
24,55,14,3,narrow thought,狭い考え,3,,,,
24,56,51,3,pretty animal,かわいい動物,1,,,,
24,57,29,3,quiet war,静かな戦争,2,,,,
24,58,26,3,severe home,ひどい家,2,,,,
24,59,4,3,shallow injury,浅い傷,3,,,,
24,60,34,3,silent force,静かな力,3,,,,
24,61,41,3,slim branch,細い枝,1,,,,
24,62,67,3,soft atmosphere,やわらかい空気,2,,,,
24,63,50,3,straight heart,まっすぐな心,1,,,,
24,64,36,3,sweet judgment,甘い判断,2,,,,
24,65,45,3,tall danger,高い危険,2,,,,
24,66,13,3,warm gift,温かい贈り物,1,,,,
24,67,58,3,weak rain,弱い雨,1,,,,
24,68,54,3,wide market,広い市場,2,,,,
24,69,15,3,yellow voice,黄色い歓声,1,,,,
25,1,35,1,thick fog,濃い霧,2,,,,1
25,2,29,1,stupid idea,馬鹿な考え,1,,,,1
25,3,64,1,thin lips,薄い唇,1,,,,1
25,4,55,1,deep love,深い愛,1,,,,1
25,5,34,1,small room,小さな部屋,1,,,,1
25,6,32,1,long sleep,長い眠り,1,,,,1
25,7,5,1,cold tea,冷たいお茶,1,,,,1
25,8,38,1,broken window,壊れた窓,1,,,,1
25,9,16,1,final year,最終年度,1,,,,1
25,10,51,1,front tire,前輪,1,,,,1
25,11,13,1,famous person,有名な人,1,,,,1
25,12,7,1,good news,朗報,1,,,,1
25,13,30,1,economic growth,経済的な成長,2,,,,1
25,14,10,1,black hole,ブラックホール,1,,,,1
25,15,22,1,near future,近い将来,1,,,,1
25,16,65,1,tragic deaths,悲劇の死,2,,,,1
25,17,33,1,beautiful woman,美しい女性,1,,,,1
25,18,41,1,handsome man,ハンサムな男性,1,,,,1
25,19,21,1,bitter experience,苦い経験,1,,,,1
25,20,66,1,big eyes,大きな目,1,,,,1
25,21,45,1,high price,高値,1,,,,1
25,22,42,1,strong wind,強い風,2,,,,1
25,23,26,1,clean water,きれいな水,1,,,,1
25,24,61,2,bad debt,悪い負担,2,,,,0
25,25,53,2,bare feet,裸足,1,,,,1
25,26,69,2,brief moment,短い瞬間,1,,,,1
25,27,48,2,broad daylight,勢いよく差し込む日光,2,,,,0
25,28,18,2,busy road,忙しない街道,1,,,,1
25,29,43,2,careful attention,注意深い態度,2,,,,1
25,30,23,2,coming months,やってくる月達,2,,,,0
25,31,44,2,early bird,早めの鳥,3,,,,0
25,32,28,2,easy decision,簡単な決断,1,,,,1
25,33,59,2,false teeth,間違った歯,3,,,,0
25,34,58,2,flat rate,平らな値,2,,,,0
25,35,4,2,free speech,自由なスピーチ,1,,,,0
25,36,6,2,full understanding,完全理解,1,,,,1
25,37,20,2,hard luck,激しい幸運,2,,,,0
25,38,1,2,low speed,o遅いスピード,1,,,,1
25,39,56,2,lucky guess,幸運の推測,2,,,,0
25,40,24,2,open arms,広げた腕,2,,,,0
25,41,15,2,poor health,ひどい体調,2,,,,0
25,42,3,2,proud parents,誇りのある両親,1,,,,0
25,43,11,2,quick look,早く見る,2,,,,1
25,44,52,2,sharp rise,急上昇,1,,,,1
25,45,63,2,short notice,短い忠告,1,,,,0
25,46,12,2,slow learner,ゆっくりと学習する人,1,,,,1
25,47,67,3,active personality,活動的な性格,2,,,,
25,48,37,3,cheap pay,安い給料,2,,,,
25,49,46,3,dark society,闇の社会,1,,,,
25,50,60,3,delicious season,美味しい季節,2,,,,
25,51,8,3,far eye,離れ目,4,,,,
25,52,14,3,frank question,率直な疑問,1,,,,
25,53,31,3,hot battle,魅惑的な戦い,1,,,,
25,54,27,3,light content,明るい内容,1,,,,
25,55,2,3,narrow thought,狭い考え,4,,,,
25,56,19,3,pretty animal,可愛い動物,1,,,,
25,57,50,3,quiet war,冷戦,1,,,,
25,58,39,3,severe home,激しい家,1,,,,
25,59,62,3,shallow injury,軽症,3,,,,
25,60,25,3,silent force,静かな力,1,,,,
25,61,57,3,slim branch,細い枝,1,,,,
25,62,47,3,soft atmosphere,柔らかい空気,2,,,,
25,63,9,3,straight heart,真っ直ぐな心,3,,,,
25,64,54,3,sweet judgment,優しい判断,1,,,,
25,65,17,3,tall danger,大きな危険,4,,,,
25,66,36,3,warm gift,心温まるギフト,2,,,,
25,67,40,3,weak rain,一週間続く雨,3,,,,
25,68,68,3,wide market,幅広い市場,2,,,,
25,69,49,3,yellow voice,黄色い声援,1,,,,
26,1,29,1,thick fog,,4,,,,0
26,2,50,1,stupid idea,馬鹿げた考え,1,,,,1
26,3,60,1,thin lips,薄い唇,2,,,,1
26,4,67,1,deep love,深い愛,1,,,,1
26,5,68,1,small room,小さな部屋,1,,,,1
26,6,34,1,long sleep,長い眠り,1,,,,1
26,7,66,1,cold tea,冷たいお茶,1,,,,1
26,8,17,1,broken window,壊れた窓,1,,,,1
26,9,53,1,final year,最後の年,1,,,,1
26,10,28,1,front tire,正面の,4,,,,0
26,11,69,1,famous person,有名な人物,1,,,,1
26,12,14,1,good news,良い知らせ,1,,,,1
26,13,5,1,economic growth,経済成長,1,,,,1
26,14,31,1,black hole,黒い穴,2,,,,1
26,15,26,1,near future,近い将来将来,1,,,,1
26,16,22,1,tragic deaths,奇妙な死,3,,,,0
26,17,58,1,beautiful woman,美しい女性,1,,,,1
26,18,16,1,handsome man,ハンサムな男性,1,,,,1
26,19,11,1,bitter experience,苦い経験,1,,,,1
26,20,19,1,big eyes,大きな瞳,2,,,,1
26,21,15,1,high price,高い価格,2,,,,1
26,22,46,1,strong wind,強い風,1,,,,1
26,23,64,1,clean water,綺麗な水,1,,,,1
26,24,9,2,bad debt,悪い賭け,2,,,,0
26,25,54,2,bare feet,,4,,,,0
26,26,57,2,brief moment,,4,,,,0
26,27,39,2,broad daylight,,4,,,,0
26,28,40,2,busy road,忙しい道,3,,,,1
26,29,41,2,careful attention,注意深い注意,4,,,,0
26,30,1,2,coming months,来る月,3,,,,1
26,31,51,2,early bird,早い鳥,3,,,,0
26,32,4,2,easy decision,簡単な判断,2,,,,1
26,33,27,2,false teeth,嘘の歯,3,,,,1
26,34,33,2,flat rate,,4,,,,0
26,35,47,2,free speech,自由なスピーチ,2,,,,0
26,36,24,2,full understanding,完璧な理解,2,,,,1
26,37,12,2,hard luck,困難な幸運,3,,,,0
26,38,42,2,low speed,遅いスピード,1,,,,1
26,39,56,2,lucky guess,幸運な推測,3,,,,0
26,40,61,2,open arms,開いた腕,3,,,,0
26,41,25,2,poor health,不健康,3,,,,1
26,42,52,2,proud parents,誇れる親,3,,,,0
26,43,55,2,quick look,ぱっと見,3,,,,1
26,44,20,2,sharp rise,,4,,,,0
26,45,36,2,short notice,短い気づき,3,,,,0
26,46,6,2,slow learner,遅い　学習者,3,,,,0
26,47,30,3,active personality,活動的な個性,4,,,,
26,48,32,3,cheap pay,貧相な支払い,4,,,,
26,49,37,3,dark society,暗い社会,2,,,,
26,50,3,3,delicious season,美味しい　季節,3,,,,
26,51,7,3,far eye,遠い目,2,,,,
26,52,43,3,frank question,率直な質問,3,,,,
26,53,65,3,hot battle,熱いバトル,1,,,,
26,54,8,3,light content,明るいコンテンツ,3,,,,
26,55,48,3,narrow thought,,4,,,,
26,56,35,3,pretty animal,可愛い動物,1,,,,
26,57,45,3,quiet war,冷戦,1,,,,
26,58,10,3,severe home,,4,,,,
26,59,23,3,shallow injury,怪我,4,,,,
26,60,13,3,silent force,静かな,3,,,,
26,61,21,3,slim branch,細長いブランチ,4,,,,
26,62,2,3,soft atmosphere,柔らかい　気温,3,,,,
26,63,63,3,straight heart,真っ直ぐな心,2,,,,
26,64,49,3,sweet judgment,優しい判断,3,,,,
26,65,18,3,tall danger,高い危険,4,,,,
26,66,38,3,warm gift,温かい贈り物,1,,,,
26,67,62,3,weak rain,弱い雨,1,,,,
26,68,44,3,wide market,広い市場,1,,,,
26,69,59,3,yellow voice,黄色い声,2,,,,
27,1,16,1,thick fog,濃い霧,2,,,,1
27,2,27,1,stupid idea,馬鹿な考え,1,,,,1
27,3,45,1,thin lips,薄い唇,1,,,,1
27,4,38,1,deep love,深い愛,1,,,,1
27,5,65,1,small room,小さい部屋,1,,,,1
27,6,12,1,long sleep,長い睡眠,1,,,,1
27,7,54,1,cold tea,冷たいお茶,1,,,,1
27,8,15,1,broken window,割れた窓,1,,,,1
27,9,42,1,final year,最後の年,1,,,,1
27,10,10,1,front tire,前輪,1,,,,1
27,11,34,1,famous person,有名人,1,,,,1
27,12,32,1,good news,良いニュース,1,,,,1
27,13,20,1,economic growth,経済成長,1,,,,1
27,14,11,1,black hole,ブラックホール,1,,,,1
27,15,40,1,near future,近い未来,1,,,,1
27,16,49,1,tragic deaths,,4,,,,0
27,17,4,1,beautiful woman,美しい女性,1,,,,1
27,18,3,1,handsome man,イケメン男性,1,,,,1
27,19,52,1,bitter experience,苦い思い出,1,,,,1
27,20,25,1,big eyes,大きい目,1,,,,1
27,21,13,1,high price,高値,1,,,,1
27,22,62,1,strong wind,強風,1,,,,1
27,23,41,1,clean water,きれいな水,1,,,,1
27,24,66,2,bad debt,闇金,2,,,,0
27,25,14,2,bare feet,裸足,1,,,,1
27,26,64,2,brief moment,短い間,1,,,,1
27,27,18,2,broad daylight,昼夜の境,4,,,,0
27,28,58,2,busy road,渋滞,1,,,,1
27,29,55,2,careful attention,慎重な注意,1,,,,1
27,30,44,2,coming months,翌月,1,,,,1
27,31,26,2,early bird,早い鳥,3,,,,0
27,32,5,2,easy decision,簡単な決定,1,,,,1
27,33,63,2,false teeth,欠けた歯,2,,,,0
27,34,59,2,flat rate,平坦なレート,1,,,,0
27,35,9,2,free speech,フリースピーチ,1,,,,0
27,36,6,2,full understanding,完全な理解,1,,,,1
27,37,57,2,hard luck,厳しい運,4,,,,0
27,38,46,2,low speed,ゆっくりなスピード,3,,,,1
27,39,33,2,lucky guess,幸運な推測,2,,,,0
27,40,43,2,open arms,,4,,,,0
27,41,69,2,poor health,悪い健康,1,,,,0
27,42,37,2,proud parents,誇れる両親,3,,,,0
27,43,47,2,quick look,早く視る,3,,,,1
27,44,19,2,sharp rise,急上昇,1,,,,1
27,45,61,2,short notice,短い通知,2,,,,0
27,46,67,2,slow learner,遅い学習者,3,,,,0
27,47,23,3,active personality,社交的な人間性,2,,,,
27,48,29,3,cheap pay,低賃金,2,,,,
27,49,56,3,dark society,闇社会,2,,,,
27,50,21,3,delicious season,おいしい季節,3,,,,
27,51,39,3,far eye,遠目,3,,,,
27,52,68,3,frank question,嘘の質問,2,,,,
27,53,48,3,hot battle,熱い戦い,1,,,,
27,54,30,3,light content,軽い文,3,,,,
27,55,28,3,narrow thought,視野が狭い考え,2,,,,
27,56,31,3,pretty animal,可愛い動物,1,,,,
27,57,17,3,quiet war,激戦,3,,,,
27,58,1,3,severe home,きつい家,4,,,,
27,59,7,3,shallow injury,深い傷,2,,,,
27,60,50,3,silent force,無言の圧力,3,,,,
27,61,51,3,slim branch,細いベンチ,3,,,,
27,62,24,3,soft atmosphere,柔らかい雰囲気,1,,,,
27,63,35,3,straight heart,真っ直ぐな心,3,,,,
27,64,60,3,sweet judgment,甘い判断,1,,,,
27,65,53,3,tall danger,高い危険,4,,,,
27,66,2,3,warm gift,温かいプレゼント,1,,,,
27,67,36,3,weak rain,弱い雨,1,,,,
27,68,22,3,wide market,広いマーケット,1,,,,
27,69,8,3,yellow voice,黄色い声,1,,,,
28,1,44,1,thick fog,薄い霧,2,,,,0
28,2,25,1,stupid idea,馬鹿げた考え,1,,,,1
28,3,29,1,thin lips,薄い唇,2,,,,1
28,4,42,1,deep love,深い愛,1,,,,1
28,5,64,1,small room,小さい部屋,1,,,,1
28,6,9,1,long sleep,長い睡眠,1,,,,1
28,7,69,1,cold tea,冷たいお茶,1,,,,1
28,8,46,1,broken window,割れた窓,1,,,,1
28,9,38,1,final year,最終年,1,,,,1
28,10,57,1,front tire,前輪,1,,,,1
28,11,55,1,famous person,有名な人物,1,,,,1
28,12,65,1,good news,いいニュース,1,,,,1
28,13,27,1,economic growth,経済成長,1,,,,1
28,14,15,1,black hole,ブラックホール,2,,,,1
28,15,7,1,near future,近い将来,1,,,,1
28,16,68,1,tragic deaths,悲劇的な死,2,,,,1
28,17,39,1,beautiful woman,美しい女性,1,,,,1
28,18,60,1,handsome man,ハンサムな男,1,,,,1
28,19,51,1,bitter experience,苦い経験,1,,,,1
28,20,52,1,big eyes,大きな目,1,,,,1
28,21,63,1,high price,高価格,1,,,,1
28,22,5,1,strong wind,強い風,1,,,,1
28,23,59,1,clean water,きれいな水,1,,,,1
28,24,1,2,bad debt,よくない負担,2,,,,0
28,25,36,2,bare feet,,4,,,,0
28,26,43,2,brief moment,短い出来事,1,,,,1
28,27,30,2,broad daylight,眩しい日光,3,,,,0
28,28,26,2,busy road,交通量が多い道路,1,,,,1
28,29,49,2,careful attention,深い注意,2,,,,1
28,30,33,2,coming months,来月,1,,,,1
28,31,35,2,early bird,速めの鳥,3,,,,0
28,32,21,2,easy decision,簡単な決断,1,,,,1
28,33,61,2,false teeth,虫歯,3,,,,0
28,34,48,2,flat rate,差のないレート,4,,,,0
28,35,10,2,free speech,自由なスピーチ,1,,,,0
28,36,13,2,full understanding,深い理解,2,,,,1
28,37,2,2,hard luck,運が悪い,2,,,,1
28,38,62,2,low speed,遅い速度,2,,,,1
28,39,8,2,lucky guess,運がいい推測,3,,,,0
28,40,41,2,open arms,腕を広げる,2,,,,0
28,41,6,2,poor health,健康でない,1,,,,1
28,42,31,2,proud parents,誇りに思える両親,2,,,,0
28,43,37,2,quick look,わかりやすい見た目,3,,,,0
28,44,67,2,sharp rise,急騰,1,,,,1
28,45,14,2,short notice,瞬時の気付き,3,,,,0
28,46,56,2,slow learner,学習が遅い人,3,,,,1
28,47,34,3,active personality,能動的な性格,1,,,,
28,48,12,3,cheap pay,安い給料,2,,,,
28,49,3,3,dark society,暗い社会,1,,,,
28,50,28,3,delicious season,素晴らしい季節,3,,,,
28,51,58,3,far eye,間隔が離れた目,3,,,,
28,52,18,3,frank question,簡単な質問,1,,,,
28,53,40,3,hot battle,アツい戦い,2,,,,
28,54,66,3,light content,簡単な内容,1,,,,
28,55,11,3,narrow thought,視野が狭い考え,2,,,,
28,56,20,3,pretty animal,可愛い動物,4,,,,
28,57,32,3,quiet war,静かな戦争,2,,,,
28,58,53,3,severe home,厳しい家庭,2,,,,
28,59,22,3,shallow injury,かすり傷,2,,,,
28,60,50,3,silent force,圧,2,,,,
28,61,16,3,slim branch,小さな支店,4,,,,
28,62,17,3,soft atmosphere,柔らかい雰囲気,2,,,,
28,63,45,3,straight heart,真摯な,4,,,,
28,64,47,3,sweet judgment,良い判断,1,,,,
28,65,54,3,tall danger,大きな危険,2,,,,
28,66,23,3,warm gift,心が暖まる贈り物,4,,,,
28,67,4,3,weak rain,弱い雨,1,,,,
28,68,19,3,wide market,幅広い市場,3,,,,
28,69,24,3,yellow voice,甲高い声,3,,,,
29,1,3,1,thick fog,厚い霧,1,,,,0
29,2,26,1,stupid idea,愚かな考え,1,,,,1
29,3,54,1,thin lips,薄い唇,1,,,,1
29,4,50,1,deep love,深い愛,1,,,,1
29,5,39,1,small room,小さな部屋,1,,,,1
29,6,45,1,long sleep,長時間睡眠,1,,,,1
29,7,15,1,cold tea,冷えたお茶,1,,,,1
29,8,32,1,broken window,割れた窓,1,,,,1
29,9,38,1,final year,最後の年,2,,,,1
29,10,52,1,front tire,前輪,1,,,,1
29,11,48,1,famous person,有名な人,1,,,,1
29,12,46,1,good news,良い知らせ,1,,,,1
29,13,56,1,economic growth,経済成長,1,,,,1
29,14,21,1,black hole,ブラックホール,2,,,,1
29,15,43,1,near future,近い将来,1,,,,1
29,16,49,1,tragic deaths,悲劇的な死,1,,,,1
29,17,1,1,beautiful woman,美しい女性,1,,,,1
29,18,12,1,handsome man,かっこいい男性,1,,,,1
29,19,16,1,bitter experience,苦い経験,1,,,,1
29,20,30,1,big eyes,大きな目,1,,,,1
29,21,11,1,high price,高価,1,,,,1
29,22,25,1,strong wind,強い風,1,,,,1
29,23,8,1,clean water,きれいな水,1,,,,1
29,24,59,2,bad debt,ずるずるした借金,3,,,,0
29,25,27,2,bare feet,ギリギリ,4,,,,0
29,26,66,2,brief moment,ほんの一瞬,2,,,,1
29,27,55,2,broad daylight,昼間が長い,2,,,,0
29,28,53,2,busy road,混んだ道,1,,,,1
29,29,29,2,careful attention,注意を払う,3,,,,1
29,30,28,2,coming months,来月,1,,,,1
29,31,17,2,early bird,早く起きる鳥,4,,,,1
29,32,60,2,easy decision,簡単な決定,2,,,,1
29,33,20,2,false teeth,失言,2,,,,0
29,34,34,2,flat rate,変化なし,4,,,,0
29,35,9,2,free speech,自由な言論,1,,,,1
29,36,24,2,full understanding,十分な理解,1,,,,1
29,37,13,2,hard luck,厳しい運命,2,,,,1
29,38,47,2,low speed,ゆっくりなスピードで,3,,,,1
29,39,41,2,lucky guess,都合の良い解釈,3,,,,0
29,40,33,2,open arms,開いた腕,1,,,,0
29,41,44,2,poor health,不健康,2,,,,1
29,42,61,2,proud parents,誇りの両親,3,,,,0
29,43,19,2,quick look,ぱっと見,2,,,,1
29,44,64,2,sharp rise,急速な増加,1,,,,1
29,45,65,2,short notice,短いお知らせ,4,,,,0
29,46,22,2,slow learner,習得が遅い学習者,4,,,,1
29,47,51,3,active personality,快活な性格,2,,,,
29,48,6,3,cheap pay,安い賃金,1,,,,
29,49,2,3,dark society,暗い社会,1,,,,
29,50,67,3,delicious season,最高な季節,3,,,,
29,51,42,3,far eye,老眼,3,,,,
29,52,4,3,frank question,率直な質問,1,,,,
29,53,57,3,hot battle,熱い戦い,1,,,,
29,54,14,3,light content,明らかな文脈,3,,,,
29,55,7,3,narrow thought,軽薄な考え,2,,,,
29,56,35,3,pretty animal,かわいい動物,1,,,,
29,57,40,3,quiet war,静かな戦争,3,,,,
29,58,18,3,severe home,厳格な家,3,,,,
29,59,10,3,shallow injury,軽症,3,,,,
29,60,5,3,silent force,無言の圧力,3,,,,
29,61,68,3,slim branch,細い枝,3,,,,
29,62,31,3,soft atmosphere,柔らかな雰囲気,1,,,,
29,63,36,3,straight heart,まっすぐな心,1,,,,
29,64,62,3,sweet judgment,軽薄な判断,4,,,,
29,65,69,3,tall danger,大きな危険,3,,,,
29,66,23,3,warm gift,心温まる贈り物,2,,,,
29,67,63,3,weak rain,弱い雨,2,,,,
29,68,58,3,wide market,大きな市場,1,,,,
29,69,37,3,yellow voice,黄色い声,2,,,,
30,1,34,1,thick fog,太ったカエル,3,,,,0
30,2,26,1,stupid idea,馬鹿げた考え,1,,,,1
30,3,15,1,thin lips,薄い唇,1,,,,1
30,4,64,1,deep love,深い愛,1,,,,1
30,5,18,1,small room,小さい部屋,1,,,,1
30,6,47,1,long sleep,長い睡眠,2,,,,1
30,7,12,1,cold tea,冷たいお茶,1,,,,1
30,8,63,1,broken window,割れた窓,1,,,,1
30,9,22,1,final year,最後の年,3,,,,1
30,10,43,1,front tire,前輪,2,,,,1
30,11,60,1,famous person,有名な人,1,,,,1
30,12,33,1,good news,良い知らせ,1,,,,1
30,13,59,1,economic growth,経済的成長,1,,,,1
30,14,55,1,black hole,黒い穴,2,,,,1
30,15,58,1,near future,近い将来,2,,,,1
30,16,2,1,tragic deaths,悲劇的な死,1,,,,1
30,17,31,1,beautiful woman,美しい女の人,1,,,,1
30,18,28,1,handsome man,かっこいい男の人,2,,,,1
30,19,23,1,bitter experience,苦い経験,2,,,,1
30,20,62,1,big eyes,大きな目,1,,,,1
30,21,10,1,high price,高い値段,2,,,,1
30,22,17,1,strong wind,強風,1,,,,1
30,23,69,1,clean water,綺麗な水,2,,,,1
30,24,57,2,bad debt,悪い負債,3,,,,0
30,25,16,2,bare feet,裸足,1,,,,1
30,26,32,2,brief moment,一瞬,3,,,,1
30,27,24,2,broad daylight,広がる日差し,3,,,,0
30,28,67,2,busy road,混雑した道,3,,,,1
30,29,27,2,careful attention,注意深い気配り,2,,,,1
30,30,40,2,coming months,きたる月,3,,,,1
30,31,41,2,early bird,早い鳥,3,,,,0
30,32,53,2,easy decision,簡単な決断,1,,,,1
30,33,61,2,false teeth,偽の歯,3,,,,1
30,34,56,2,flat rate,平坦な確率,3,,,,0
30,35,54,2,free speech,自由発表,2,,,,0
30,36,13,2,full understanding,完全な理解,2,,,,1
30,37,52,2,hard luck,大変な運,3,,,,0
30,38,50,2,low speed,遅い速度,2,,,,1
30,39,30,2,lucky guess,幸運の予測,3,,,,0
30,40,7,2,open arms,開けた腕,3,,,,0
30,41,48,2,poor health,不健康,3,,,,1
30,42,14,2,proud parents,誇らしい両親,3,,,,0
30,43,21,2,quick look,チラ見,3,,,,1
30,44,37,2,sharp rise,鋭い上昇,3,,,,1
30,45,3,2,short notice,,4,,,,0
30,46,45,2,slow learner,ゆっくり学習する人,3,,,,1
30,47,46,3,active personality,活発な性格,2,,,,
30,48,42,3,cheap pay,安い給料,2,,,,
30,49,49,3,dark society,闇深い社会,2,,,,
30,50,68,3,delicious season,美味しい季節,3,,,,
30,51,29,3,far eye,離れた目,3,,,,
30,52,6,3,frank question,率直な質問,1,,,,
30,53,1,3,hot battle,熱い戦い,2,,,,
30,54,5,3,light content,軽い内容,3,,,,
30,55,39,3,narrow thought,狭い思考,3,,,,
30,56,19,3,pretty animal,可愛い動物,1,,,,
30,57,35,3,quiet war,冷戦,2,,,,
30,58,25,3,severe home,厳しい家,3,,,,
30,59,20,3,shallow injury,浅い傷,2,,,,
30,60,66,3,silent force,静かな力,3,,,,
30,61,51,3,slim branch,細い枝,1,,,,
30,62,4,3,soft atmosphere,柔らかい雰囲気,2,,,,
30,63,11,3,straight heart,真っ直ぐな心,2,,,,
30,64,65,3,sweet judgment,甘い判断,1,,,,
30,65,44,3,tall danger,高い危険,3,,,,
30,66,9,3,warm gift,暖かい贈り物,3,,,,
30,67,38,3,weak rain,弱い雨,2,,,,
30,68,8,3,wide market,広い市場,3,,,,
30,69,36,3,yellow voice,歓声,2,,,,
31,1,49,1,thick fog,厚い,4,,,,0
31,2,68,1,stupid idea,馬鹿げた意見,1,,,,1
31,3,37,1,thin lips,薄い唇,1,,,,1
31,4,1,1,deep love,深い愛,2,,,,1
31,5,19,1,small room,小さい部屋,1,,,,1
31,6,51,1,long sleep,長い眠り,1,,,,1
31,7,60,1,cold tea,冷たいお茶,1,,,,1
31,8,43,1,broken window,壊された窓,1,,,,1
31,9,16,1,final year,最後の年,1,,,,1
31,10,50,1,front tire,前のタイヤ,2,,,,1
31,11,18,1,famous person,有名人,1,,,,1
31,12,13,1,good news,良い知らせ,1,,,,1
31,13,36,1,economic growth,経済成長,1,,,,1
31,14,53,1,black hole,ブラックホール,1,,,,1
31,15,46,1,near future,近い将来,1,,,,1
31,16,15,1,tragic deaths,無惨な死,2,,,,1
31,17,62,1,beautiful woman,美しい女性,2,,,,1
31,18,63,1,handsome man,イケメン,1,,,,1
31,19,38,1,bitter experience,苦い経験,1,,,,1
31,20,52,1,big eyes,大きな目,1,,,,1
31,21,39,1,high price,高価,1,,,,1
31,22,30,1,strong wind,強風,1,,,,1
31,23,5,1,clean water,きれいな水,1,,,,1
31,24,12,2,bad debt,借金,1,,,,0
31,25,64,2,bare feet,,4,,,,0
31,26,59,2,brief moment,刹那,1,,,,1
31,27,48,2,broad daylight,,4,,,,0
31,28,69,2,busy road,渋滞,2,,,,1
31,29,44,2,careful attention,気をつける,2,,,,1
31,30,21,2,coming months,来月,1,,,,1
31,31,14,2,early bird,ひな鳥,2,,,,0
31,32,42,2,easy decision,簡単な選択,2,,,,1
31,33,27,2,false teeth,虫歯,2,,,,0
31,34,24,2,flat rate,平らな割合,3,,,,0
31,35,61,2,free speech,自由作文,2,,,,0
31,36,6,2,full understanding,完全理解,2,,,,1
31,37,35,2,hard luck,強運,1,,,,0
31,38,33,2,low speed,遅いはやさ,2,,,,1
31,39,2,2,lucky guess,思いつき,3,,,,0
31,40,45,2,open arms,腕を広げる,2,,,,0
31,41,11,2,poor health,不健康,1,,,,1
31,42,65,2,proud parents,偉大な両親,3,,,,0
31,43,57,2,quick look,すぐに見る,2,,,,1
31,44,4,2,sharp rise,急増,2,,,,1
31,45,7,2,short notice,短い気づき,3,,,,0
31,46,28,2,slow learner,遅い,4,,,,0
31,47,8,3,active personality,活発性,1,,,,
31,48,31,3,cheap pay,安価,1,,,,
31,49,67,3,dark society,闇社会,1,,,,
31,50,47,3,delicious season,美味しい季節,3,,,,
31,51,17,3,far eye,遠眼,1,,,,
31,52,20,3,frank question,簡単な質問,3,,,,
31,53,54,3,hot battle,熱い戦い,1,,,,
31,54,58,3,light content,光の媒体,2,,,,
31,55,32,3,narrow thought,狭義,2,,,,
31,56,3,3,pretty animal,可愛い動物,1,,,,
31,57,34,3,quiet war,冷戦,1,,,,
31,58,9,3,severe home,貧乏,2,,,,
31,59,56,3,shallow injury,狭い傷,3,,,,
31,60,41,3,silent force,見えない力,3,,,,
31,61,66,3,slim branch,細い枝,2,,,,
31,62,29,3,soft atmosphere,柔らかい雰囲気,1,,,,
31,63,40,3,straight heart,真っ直ぐな心,1,,,,
31,64,25,3,sweet judgment,甘い判断,1,,,,
31,65,22,3,tall danger,危険な高所,3,,,,
31,66,55,3,warm gift,あたたかい贈り物,2,,,,
31,67,23,3,weak rain,小雨,1,,,,
31,68,10,3,wide market,大市場,2,,,,
31,69,26,3,yellow voice,黄色い声援,2,,,,
32,1,37,1,thick fog,厚い霧,3,,,,0
32,2,31,1,stupid idea,馬鹿げた考え,1,,,,1
32,3,47,1,thin lips,薄い唇,1,,,,1
32,4,36,1,deep love,深い愛,1,,,,1
32,5,23,1,small room,小さい部屋,1,,,,1
32,6,26,1,long sleep,長い睡眠,1,,,,1
32,7,24,1,cold tea,冷たいお茶,1,,,,1
32,8,52,1,broken window,壊れた窓,1,,,,1
32,9,21,1,final year,最後の年,1,,,,1
32,10,22,1,front tire,,4,,,,0
32,11,35,1,famous person,有名な人物,1,,,,1
32,12,18,1,good news,良い知らせ,1,,,,1
32,13,16,1,economic growth,経済成長,1,,,,1
32,14,68,1,black hole,黒い穴,1,,,,1
32,15,42,1,near future,近い未来,1,,,,1
32,16,69,1,tragic deaths,,4,,,,0
32,17,27,1,beautiful woman,美しい女性,1,,,,1
32,18,1,1,handsome man,イケメンな男性,2,,,,1
32,19,62,1,bitter experience,苦い経験,1,,,,1
32,20,64,1,big eyes,大きな目,1,,,,1
32,21,9,1,high price,高い値段,1,,,,1
32,22,7,1,strong wind,強い風,1,,,,1
32,23,39,1,clean water,きれいな水,1,,,,1
32,24,34,2,bad debt,悪い負荷,3,,,,0
32,25,44,2,bare feet,くまの足跡,3,,,,0
32,26,12,2,brief moment,少しの間,2,,,,1
32,27,17,2,broad daylight,,4,,,,0
32,28,13,2,busy road,忙しい道,2,,,,1
32,29,38,2,careful attention,注意深い注意,2,,,,0
32,30,32,2,coming months,次の月,1,,,,1
32,31,66,2,early bird,はやい鳥,4,,,,0
32,32,19,2,easy decision,簡単な決断,1,,,,1
32,33,49,2,false teeth,間違った歯,2,,,,0
32,34,54,2,flat rate,平な割合,3,,,,0
32,35,67,2,free speech,自由なスピーチ,2,,,,0
32,36,20,2,full understanding,全て理解,1,,,,1
32,37,6,2,hard luck,大変な運,3,,,,0
32,38,8,2,low speed,遅い速さ,1,,,,1
32,39,50,2,lucky guess,幸運な予想,2,,,,0
32,40,25,2,open arms,開いた腕,1,,,,0
32,41,46,2,poor health,乏しい健康,3,,,,0
32,42,58,2,proud parents,誇らしい親,2,,,,0
32,43,61,2,quick look,素早く見る,2,,,,1
32,44,4,2,sharp rise,急な上昇,2,,,,1
32,45,40,2,short notice,短い気付き,2,,,,0
32,46,53,2,slow learner,遅い学習者,1,,,,0
32,47,56,3,active personality,活発な人,1,,,,
32,48,43,3,cheap pay,安い支払い,1,,,,
32,49,41,3,dark society,暗い社会,1,,,,
32,50,3,3,delicious season,美味しい時期,2,,,,
32,51,15,3,far eye,離れた目,1,,,,
32,52,28,3,frank question,率直な質問,1,,,,
32,53,14,3,hot battle,あついボトル,1,,,,
32,54,55,3,light content,明るい内容,4,,,,
32,55,29,3,narrow thought,狭い考え,1,,,,
32,56,30,3,pretty animal,かわいい動物,1,,,,
32,57,2,3,quiet war,静かな戦争,1,,,,
32,58,48,3,severe home,厳しい家,1,,,,
32,59,59,3,shallow injury,浅い傷,1,,,,
32,60,45,3,silent force,静かな力,3,,,,
32,61,60,3,slim branch,細い枝,2,,,,
32,62,11,3,soft atmosphere,優しい空気,1,,,,
32,63,5,3,straight heart,まっすぐなこころ,1,,,,
32,64,65,3,sweet judgment,甘い判断,1,,,,
32,65,57,3,tall danger,高い危険,3,,,,
32,66,63,3,warm gift,温かい贈り物,1,,,,
32,67,10,3,weak rain,弱い雨,1,,,,
32,68,51,3,wide market,広い市場,2,,,,
32,69,33,3,yellow voice,黄色い声,1,,,,
33,1,18,1,thick fog,太いfog,4,,,,0
33,2,48,1,stupid idea,ばかな考え,1,,,,1
33,3,61,1,thin lips,薄い唇,1,,,,1
33,4,25,1,deep love,深い愛,1,,,,1
33,5,32,1,small room,小さな部屋,1,,,,1
33,6,5,1,long sleep,長い睡眠,1,,,,1
33,7,68,1,cold tea,冷たいお茶,1,,,,1
33,8,41,1,broken window,壊れた窓,1,,,,1
33,9,65,1,final year,最高学年,1,,,,1
33,10,55,1,front tire,前輪,1,,,,1
33,11,28,1,famous person,有名な人,1,,,,1
33,12,43,1,good news,いいニュース,1,,,,1
33,13,14,1,economic growth,経済的成長,1,,,,1
33,14,9,1,black hole,ブラックホール,1,,,,1
33,15,57,1,near future,近い未来,1,,,,1
33,16,59,1,tragic deaths,ひどい死,1,,,,1
33,17,38,1,beautiful woman,美しい女性,1,,,,1
33,18,69,1,handsome man,かっこいい男性,1,,,,1
33,19,64,1,bitter experience,苦い経験,1,,,,1
33,20,36,1,big eyes,大きな目,1,,,,1
33,21,39,1,high price,高い値段,1,,,,1
33,22,66,1,strong wind,強い風,1,,,,1
33,23,31,1,clean water,きれいな水,1,,,,1
33,24,44,2,bad debt,悪い借金,1,,,,0
33,25,10,2,bare feet,裸足,1,,,,1
33,26,35,2,brief moment,信条,3,,,,0
33,27,27,2,broad daylight,昼間の撮影,4,,,,0
33,28,52,2,busy road,忙しない道,1,,,,1
33,29,50,2,careful attention,注意深い注目,3,,,,1
33,30,67,2,coming months,来月,1,,,,1
33,31,2,2,early bird,早い鳥,2,,,,0
33,32,23,2,easy decision,簡単な選択,1,,,,1
33,33,8,2,false teeth,虫歯,3,,,,0
33,34,30,2,flat rate,なだらかな値,3,,,,0
33,35,53,2,free speech,自由なスピーチ,1,,,,0
33,36,46,2,full understanding,完全な理解,1,,,,1
33,37,20,2,hard luck,風当たりきつい運,3,,,,0
33,38,60,2,low speed,遅い速度,1,,,,1
33,39,56,2,lucky guess,運のいい答え,1,,,,0
33,40,51,2,open arms,広げた腕,1,,,,0
33,41,12,2,poor health,不健康,1,,,,1
33,42,22,2,proud parents,誇りに思う両親,1,,,,1
33,43,63,2,quick look,素早い眼,1,,,,0
33,44,24,2,sharp rise,急な上昇,2,,,,1
33,45,11,2,short notice,短い気付き,3,,,,0
33,46,17,2,slow learner,学ぶ速度が遅めの人,2,,,,1
33,47,3,3,active personality,積極的な性格,1,,,,
33,48,6,3,cheap pay,安い料金,1,,,,
33,49,54,3,dark society,闇社会,1,,,,
33,50,7,3,delicious season,美味しい季節,1,,,,
33,51,45,3,far eye,遠い目,3,,,,
33,52,19,3,frank question,軽い質問,3,,,,
33,53,49,3,hot battle,あつい闘い,1,,,,
33,54,40,3,light content,軽い内容,1,,,,
33,55,58,3,narrow thought,狭い考え,1,,,,
33,56,16,3,pretty animal,かわいい動物,1,,,,
33,57,62,3,quiet war,静かな戦争,1,,,,
33,58,4,3,severe home,厳しい家,1,,,,
33,59,1,3,shallow injury,,4,,,,
33,60,26,3,silent force,無言の圧力,1,,,,
33,61,15,3,slim branch,少なめのおやつ,2,,,,
33,62,34,3,soft atmosphere,優しい雰囲気,1,,,,
33,63,29,3,straight heart,真っ直ぐな心,1,,,,
33,64,33,3,sweet judgment,甘い決断,1,,,,
33,65,47,3,tall danger,高い危険,3,,,,
33,66,13,3,warm gift,あたたかい贈り物,1,,,,
33,67,42,3,weak rain,弱い雨,1,,,,
33,68,37,3,wide market,広い市場,1,,,,
33,69,21,3,yellow voice,黄色い声,1,,,,
34,1,38,1,thick fog,厚い霧,2,,,,0
34,2,1,1,stupid idea,馬鹿なアイデア,2,,,,1
34,3,64,1,thin lips,薄い唇,2,,,,1
34,4,5,1,deep love,深い愛,1,,,,1
34,5,17,1,small room,狭い部屋,1,,,,1
34,6,48,1,long sleep,長い眠り,2,,,,1
34,7,55,1,cold tea,冷めたお茶,3,,,,0
34,8,15,1,broken window,割れた窓,1,,,,1
34,9,57,1,final year,最後の年,2,,,,1
34,10,54,1,front tire,前輪,1,,,,1
34,11,33,1,famous person,有名人,1,,,,1
34,12,53,1,good news,良い知らせ,1,,,,1
34,13,8,1,economic growth,経済,1,,,,1
34,14,10,1,black hole,ブラックホール,2,,,,1
34,15,65,1,near future,近い将来,1,,,,1
34,16,44,1,tragic deaths,,4,,,,0
34,17,59,1,beautiful woman,美人,1,,,,1
34,18,3,1,handsome man,イケメン,2,,,,1
34,19,4,1,bitter experience,苦い思い出,2,,,,1
34,20,56,1,big eyes,大きな目,1,,,,1
34,21,11,1,high price,高値,1,,,,1
34,22,16,1,strong wind,強い風,1,,,,1
34,23,24,1,clean water,きれいな水,1,,,,1
34,24,60,2,bad debt,借金,4,,,,0
34,25,51,2,bare feet,裸足,1,,,,1
34,26,49,2,brief moment,一瞬,1,,,,1
34,27,32,2,broad daylight,明るい昼間,3,,,,0
34,28,41,2,busy road,人通りの多い道,1,,,,1
34,29,14,2,careful attention,細心の注意,2,,,,1
34,30,42,2,coming months,来月,3,,,,1
34,31,23,2,early bird,早起きの鳥,3,,,,1
34,32,27,2,easy decision,簡単な決断,3,,,,1
34,33,40,2,false teeth,偽物の歯,4,,,,1
34,34,39,2,flat rate,平均の割合,4,,,,0
34,35,26,2,free speech,フリースピーチ,3,,,,0
34,36,34,2,full understanding,完璧な理解,3,,,,1
34,37,43,2,hard luck,,4,,,,0
34,38,37,2,low speed,低速,1,,,,1
34,39,67,2,lucky guess,頭がお花畑,4,,,,0
34,40,68,2,open arms,開いた腕,3,,,,0
34,41,18,2,poor health,不健康,1,,,,1
34,42,58,2,proud parents,自慢の親,3,,,,0
34,43,20,2,quick look,チラ見,4,,,,1
34,44,2,2,sharp rise,,3,,,,0
34,45,9,2,short notice,短いお知らせ,3,,,,0
34,46,61,2,slow learner,習得がゆっくりな人,3,,,,1
34,47,47,3,active personality,活発な性格,3,,,,
34,48,31,3,cheap pay,安い,4,,,,
34,49,63,3,dark society,暗い社会,4,,,,
34,50,66,3,delicious season,美味しい季節,4,,,,
34,51,45,3,far eye,遠視,4,,,,
34,52,35,3,frank question,打ち解けた質問,2,,,,
34,53,22,3,hot battle,熱い戦い,4,,,,
34,54,62,3,light content,明るい話題,3,,,,
34,55,52,3,narrow thought,暗い思考,3,,,,
34,56,6,3,pretty animal,可愛い動物,1,,,,
34,57,21,3,quiet war,静かな戦い,3,,,,
34,58,19,3,severe home,,4,,,,
34,59,46,3,shallow injury,,4,,,,
34,60,7,3,silent force,,4,,,,
34,61,25,3,slim branch,細い束,2,,,,
34,62,36,3,soft atmosphere,優しい雰囲気,3,,,,
34,63,69,3,straight heart,真っ直ぐな心,3,,,,
34,64,13,3,sweet judgment,甘い判断,4,,,,
34,65,28,3,tall danger,,4,,,,
34,66,12,3,warm gift,温かい贈り物,2,,,,
34,67,50,3,weak rain,小雨,1,,,,
34,68,29,3,wide market,広い市場,3,,,,
34,69,30,3,yellow voice,黄色い声,2,,,,